1112	Q0	gesis-ssoar-13497	0	3.1306863	publication
1156	Q0	gesis-ssoar-57899	0	3.4471674	publication
1156	Q0	gesis-ssoar-5892	1	3.3622432	publication
1156	Q0	bibsonomy-dehart2013religion	2	3.346181	publication
11910	Q0	gesis-ssoar-64888	0	2.847426	publication
12195	Q0	gesis-ssoar-33458	0	4.068443	publication
12195	Q0	cews-2-782141	1	3.6977794	publication
12195	Q0	gesis-ssoar-20747	2	3.696998	publication
12195	Q0	gesis-ssoar-30885	3	3.696998	publication
12195	Q0	gesis-ssoar-40926	4	3.655378	publication
12195	Q0	cews-2-793246	5	3.0974512	publication
1259	Q0	gesis-ssoar-33060	0	3.9817631	publication
1259	Q0	gesis-ssoar-52673	1	3.9043176	publication
1259	Q0	cews-2-809373	2	3.9043176	publication
1259	Q0	gesis-ssoar-42833	3	3.8298273	publication
1293	Q0	gesis-ssoar-40652	0	5.2906184	publication
1293	Q0	gesis-ssoar-12330	1	5.2877502	publication
1293	Q0	gesis-ssoar-53940	2	5.1496205	publication
1293	Q0	gesis-ssoar-63299	3	5.108764	publication
1293	Q0	gesis-ssoar-53347	4	5.012219	publication
1293	Q0	gesis-ssoar-24044	5	4.9848776	publication
1293	Q0	gesis-ssoar-24157	6	4.9848776	publication
1293	Q0	gesis-ssoar-27758	7	4.9578333	publication
1293	Q0	gesis-ssoar-78814	8	4.9165688	publication
1326	Q0	gesis-ssoar-19350	0	2.8570752	publication
1326	Q0	gesis-ssoar-69957	1	2.844462	publication
1326	Q0	bibsonomy-jacobsen2018einstellungen	2	2.8320518	publication
1326	Q0	gesis-ssoar-76157	3	2.815974	publication
1326	Q0	gesis-ssoar-60039	4	2.8008227	publication
1326	Q0	gesis-ssoar-59220	5	2.778796	publication
1326	Q0	gesis-ssoar-81509	6	2.759805	publication
1326	Q0	gesis-ssoar-47026	7	2.7483366	publication
1326	Q0	gesis-ssoar-20610	8	2.7441044	publication
1326	Q0	gesis-ssoar-75180	9	2.7287233	publication
13621	Q0	gesis-ssoar-17484	0	2.656176	publication
13621	Q0	gesis-ssoar-45442	1	2.6401112	publication
13621	Q0	gesis-ssoar-11803	2	2.5579777	publication
13621	Q0	gesis-ssoar-72998	3	2.5347524	publication
13621	Q0	gesis-ssoar-44812	4	2.5035644	publication
14255	Q0	gesis-ssoar-68654	0	4.552494	publication
14255	Q0	gesis-ssoar-25033	1	4.3084497	publication
14255	Q0	gesis-ssoar-18582	2	4.2515597	publication
14255	Q0	gesis-ssoar-17585	3	4.1305814	publication
14255	Q0	gesis-ssoar-21950	4	3.9394531	publication
14255	Q0	gesis-ssoar-40949	5	3.9285736	publication
14255	Q0	gesis-ssoar-18584	6	3.8864233	publication
14255	Q0	gesis-ssoar-25032	7	3.8047795	publication
14255	Q0	gesis-ssoar-18583	8	3.8047795	publication
14255	Q0	gesis-ssoar-17430	9	3.773366	publication
14255	Q0	gesis-ssoar-48041	10	3.7267795	publication
14255	Q0	gesis-ssoar-17398	11	3.7267795	publication
14255	Q0	gesis-ssoar-37764	12	3.5792089	publication
14255	Q0	gesis-ssoar-25034	13	3.5095315	publication
14255	Q0	gesis-ssoar-51531	14	3.4104047	publication
14255	Q0	gesis-ssoar-57676	15	3.2058299	publication
14255	Q0	gesis-ssoar-3206	16	3.1854703	publication
1537	Q0	gesis-ssoar-78080	0	3.774724	publication
1537	Q0	gesis-ssoar-79939	1	3.6480386	publication
1537	Q0	gesis-ssoar-57810	2	3.6330967	publication
1537	Q0	gesis-ssoar-45331	3	3.5987055	publication
1537	Q0	gesis-ssoar-55018	4	3.562657	publication
1537	Q0	gesis-ssoar-56902	5	3.562657	publication
1537	Q0	gesis-ssoar-78284	6	3.5567524	publication
1537	Q0	gesis-ssoar-74728	7	3.549906	publication
15423	Q0	gesis-ssoar-21294	0	2.771288	publication
15423	Q0	gesis-ssoar-44812	1	2.7452483	publication
15423	Q0	gesis-ssoar-28879	2	2.732835	publication
1552	Q0	bibsonomy-sandmann2017religiositt	0	4.166854	publication
1552	Q0	gesis-ssoar-55049	1	4.166854	publication
1552	Q0	bibsonomy-meulemann2016religiositt	2	3.95009	publication
1552	Q0	bibsonomy-forschungsgruppeweltanschauungenindeutschland2013datenblatt	3	3.819582	publication
1552	Q0	bibsonomy-meulemann2013religiositt	4	3.7628508	publication
1552	Q0	gesis-ssoar-16463	5	3.681837	publication
1552	Q0	bibsonomy-meulemann2011religiositt	6	3.5532188	publication
15640	Q0	gesis-ssoar-42994	0	3.6387496	publication
15640	Q0	gesis-ssoar-66226	1	3.1432369	publication
15640	Q0	gesis-ssoar-51049	2	2.8949237	publication
15721	Q0	gesis-ssoar-56190	0	3.0730429	publication
15721	Q0	gesis-ssoar-74902	1	3.0699518	publication
15758	Q0	gesis-ssoar-56190	0	6.320649	publication
15758	Q0	gesis-ssoar-83086	1	6.259079	publication
15758	Q0	bibsonomy-andrade2021supervisory	2	6.259079	publication
15758	Q0	gesis-ssoar-66537	3	6.2271376	publication
15758	Q0	cews-2-811053	4	6.2271376	publication
15758	Q0	bibsonomy-andrade2021satisfaction	5	6.188708	publication
1635	Q0	gesis-ssoar-61192	0	4.43425	publication
1635	Q0	gesis-ssoar-20289	1	4.356057	publication
1635	Q0	gesis-ssoar-12389	2	4.348004	publication
1635	Q0	gesis-ssoar-20301	3	4.207571	publication
1635	Q0	gesis-ssoar-64626	4	4.1808434	publication
16523	Q0	gesis-ssoar-83485	0	4.444828	publication
16523	Q0	gesis-ssoar-57362	1	4.1857224	publication
16523	Q0	gesis-ssoar-74748	2	4.1857224	publication
16523	Q0	gesis-ssoar-55758	3	3.9557657	publication
16523	Q0	gesis-ssoar-72399	4	3.874947	publication
16523	Q0	gesis-ssoar-71909	5	3.8500092	publication
16523	Q0	gesis-ssoar-77188	6	3.8490548	publication
16523	Q0	gesis-ssoar-80030	7	3.7246146	publication
16523	Q0	gesis-ssoar-83824	8	3.7015684	publication
16523	Q0	gesis-ssoar-83423	9	3.7015684	publication
16523	Q0	gesis-ssoar-83388	10	3.2800202	publication
16523	Q0	gesis-ssoar-35199	11	3.1026917	publication
1670	Q0	gesis-ssoar-62037	0	4.525924	publication
1670	Q0	gesis-ssoar-53074	1	4.525846	publication
1670	Q0	gesis-ssoar-2963	2	4.470318	publication
1670	Q0	gesis-ssoar-58161	3	4.410827	publication
1670	Q0	gesis-ssoar-72069	4	4.363252	publication
1670	Q0	gesis-ssoar-32120	5	4.347813	publication
1670	Q0	gesis-ssoar-81405	6	4.2864337	publication
1670	Q0	gesis-ssoar-58872	7	4.164463	publication
1670	Q0	gesis-ssoar-73152	8	4.048617	publication
1670	Q0	gesis-ssoar-83788	9	3.9390411	publication
1670	Q0	gesis-ssoar-85342	10	3.9390411	publication
1670	Q0	gesis-ssoar-72068	11	3.8767085	publication
1670	Q0	gesis-ssoar-31663	12	3.7859118	publication
1670	Q0	gesis-ssoar-70014	13	3.6996186	publication
1670	Q0	gesis-ssoar-58871	14	3.6813178	publication
1670	Q0	gesis-ssoar-77777	15	3.6442423	publication
1670	Q0	gesis-ssoar-13482	16	3.6171713	publication
1670	Q0	gesis-ssoar-67117	17	3.5904999	publication
1670	Q0	gesis-ssoar-85017	18	3.511853	publication
1670	Q0	gesis-ssoar-58866	19	3.4876332	publication
1670	Q0	gesis-ssoar-80400	20	3.4867063	publication
17057	Q0	gesis-ssoar-36820	0	4.3783445	publication
17057	Q0	cews-2-715121	1	4.254422	publication
17057	Q0	gesis-ssoar-34996	2	4.1980996	publication
17057	Q0	gesis-ssoar-57223	3	4.000317	publication
17057	Q0	gesis-ssoar-65875	4	3.7643414	publication
17057	Q0	gesis-ssoar-36821	5	3.580045	publication
17057	Q0	gesis-ssoar-36819	6	3.4112594	publication
17057	Q0	gesis-ssoar-70150	7	3.322456	publication
17057	Q0	gesis-ssoar-77349	8	3.197595	publication
1719	Q0	gesis-ssoar-6007	0	4.189755	publication
1719	Q0	gesis-ssoar-36449	1	4.097047	publication
1719	Q0	gesis-ssoar-16948	2	4.0691175	publication
1719	Q0	gesis-ssoar-34739	3	3.996011	publication
1719	Q0	gesis-ssoar-41096	4	3.971554	publication
1719	Q0	bibsonomy-blobaum2022vertrauen	5	3.9473946	publication
1719	Q0	gesis-ssoar-36333	6	3.9235275	publication
1719	Q0	gesis-ssoar-6008	7	3.886661	publication
1719	Q0	bibsonomy-schnaudt2020politisches	8	3.8594627	publication
1719	Q0	gesis-ssoar-16949	9	3.726481	publication
1719	Q0	gesis-ssoar-34311	10	3.7039692	publication
1719	Q0	bibsonomy-grunberg2014vertrauen	11	3.6786551	publication
1719	Q0	gesis-ssoar-78777	12	3.653914	publication
1719	Q0	bibsonomy-maierjurgen2016zerstrt	13	3.596903	publication
1719	Q0	bibsonomy-maier2018steigert	14	3.5871458	publication
1719	Q0	bibsonomy-jackle2022vertrauen	15	3.5577548	publication
1719	Q0	gesis-ssoar-40620	16	3.5574653	publication
1719	Q0	gesis-ssoar-61951	17	3.5286274	publication
1719	Q0	bibsonomy-lembcke2006vertrauen	18	3.4995532	publication
1719	Q0	gesis-ssoar-34893	19	3.4854555	publication
1719	Q0	gesis-ssoar-17068	20	3.4719882	publication
1719	Q0	gesis-ssoar-6006	21	3.4719882	publication
1719	Q0	bibsonomy-rolle2009vertrauen	22	3.444175	publication
1719	Q0	gesis-ssoar-6009	23	3.417138	publication
1719	Q0	bibsonomy-schmittbeck2004soziales	24	3.3898647	publication
1719	Q0	gesis-ssoar-56386	25	3.3798609	publication
1719	Q0	cews-2-531426	26	3.3725736	publication
1719	Q0	gesis-ssoar-11258	27	3.3639941	publication
1719	Q0	gesis-ssoar-20209	28	3.3120072	publication
1719	Q0	gesis-ssoar-18543	29	3.2625155	publication
1719	Q0	bibsonomy-wendt2003vertrauen	30	3.2059512	publication
1719	Q0	gesis-ssoar-65299	31	3.2059512	publication
1743	Q0	bibsonomy-konig2014lebenszufriedenheit	0	5.2732315	publication
1743	Q0	gesis-ssoar-34544	1	5.2236834	publication
1743	Q0	gesis-ssoar-39274	2	5.210226	publication
1743	Q0	bibsonomy-frei2004beeinflusst	3	5.0472884	publication
1743	Q0	cews-2-634059	4	4.9725733	publication
1743	Q0	gesis-ssoar-57691	5	4.9441223	publication
1743	Q0	bibsonomy-bauer2021soziale	6	4.8453894	publication
1743	Q0	gesis-ssoar-69261	7	4.8211336	publication
1743	Q0	cews-2-615522	8	4.7195306	publication
1743	Q0	bibsonomy-dunkelberg2004beeinflusst	9	4.6289806	publication
1743	Q0	gesis-ssoar-72873	10	4.592643	publication
1743	Q0	cews-2-809866	11	4.5559874	publication
1743	Q0	gesis-ssoar-59555	12	4.5559874	publication
1743	Q0	gesis-ssoar-18246	13	4.542542	publication
1743	Q0	gesis-ssoar-62949	14	4.5212173	publication
1743	Q0	bibsonomy-hader2019architekturwahrnehmung	15	4.486117	publication
1743	Q0	gesis-ssoar-69262	16	4.3190804	publication
1743	Q0	gesis-ssoar-34345	17	4.1055937	publication
1743	Q0	gesis-ssoar-48234	18	4.0676517	publication
1743	Q0	gesis-ssoar-37314	19	3.736238	publication
1743	Q0	bibsonomy-raffelhuschen2020deutsche	20	3.7115028	publication
1743	Q0	gesis-ssoar-84323	21	3.6417618	publication
1743	Q0	gesis-ssoar-77908	22	3.5527508	publication
1743	Q0	gesis-ssoar-67584	23	3.5527508	publication
1743	Q0	gesis-ssoar-48866	24	3.4679878	publication
1743	Q0	cews-2-809171	25	3.4679878	publication
1743	Q0	gesis-ssoar-58342	26	3.2007124	publication
1743	Q0	gesis-ssoar-35499	27	3.131752	publication
1743	Q0	cews-2-808022	28	3.131752	publication
1743	Q0	gesis-ssoar-33317	29	3.0657005	publication
1743	Q0	bibsonomy-lange2016determinanten	30	3.0023775	publication
1743	Q0	bibsonomy-lange2017determinanten	31	3.0023775	publication
1743	Q0	gesis-ssoar-21403	32	2.8832679	publication
17717	Q0	gesis-ssoar-35017	0	5.568296	publication
17717	Q0	gesis-ssoar-35236	1	5.178101	publication
17717	Q0	gesis-ssoar-5811	2	4.906024	publication
17717	Q0	gesis-ssoar-33093	3	4.8305016	publication
17717	Q0	cews-2-683156	4	4.818034	publication
17717	Q0	cews-2-609583	5	4.6399827	publication
17717	Q0	gesis-ssoar-57930	6	4.633235	publication
17717	Q0	gesis-ssoar-35035	7	4.4013104	publication
17717	Q0	gesis-ssoar-66817	8	4.1454306	publication
17717	Q0	gesis-ssoar-32125	9	4.027981	publication
17717	Q0	gesis-ssoar-46928	10	3.9173355	publication
17717	Q0	gesis-ssoar-41472	11	3.9173355	publication
17717	Q0	gesis-ssoar-48331	12	3.8126063	publication
17717	Q0	gesis-ssoar-32422	13	3.8126063	publication
17717	Q0	gesis-ssoar-51639	14	3.6656077	publication
17717	Q0	gesis-ssoar-35669	15	3.573748	publication
17717	Q0	gesis-ssoar-41208	16	3.573748	publication
17717	Q0	gesis-ssoar-32403	17	3.3231425	publication
17717	Q0	gesis-ssoar-81247	18	3.28487	publication
17717	Q0	gesis-ssoar-38672	19	3.1402056	publication
17717	Q0	gesis-ssoar-40413	20	3.072549	publication
17717	Q0	gesis-ssoar-39393	21	3.007746	publication
1817	Q0	gesis-ssoar-55986	0	4.834263	publication
1817	Q0	gesis-ssoar-25986	1	4.311423	publication
1817	Q0	gesis-ssoar-39690	2	4.060791	publication
1817	Q0	gesis-ssoar-32283	3	3.946094	publication
1817	Q0	gesis-ssoar-76428	4	3.946094	publication
1817	Q0	gesis-ssoar-25416	5	3.890136	publication
1817	Q0	cews-2-811233	6	3.7093856	publication
1817	Q0	gesis-ssoar-73763	7	3.6858282	publication
1817	Q0	gesis-ssoar-76363	8	3.6381342	publication
1817	Q0	gesis-ssoar-26065	9	3.544686	publication
1817	Q0	gesis-ssoar-17351	10	3.414729	publication
1817	Q0	gesis-ssoar-38965	11	3.3332589	publication
1817	Q0	gesis-ssoar-66847	12	3.3332589	publication
1817	Q0	gesis-ssoar-20456	13	3.2562892	publication
1817	Q0	gesis-ssoar-82023	14	3.255585	publication
1817	Q0	gesis-ssoar-67904	15	3.255585	publication
1817	Q0	bibsonomy-obermaier2020vertrauen	16	3.2180903	publication
1817	Q0	gesis-ssoar-86819	17	3.1814492	publication
1817	Q0	gesis-ssoar-40256	18	3.1814492	publication
1817	Q0	gesis-ssoar-62264	19	3.1456332	publication
1817	Q0	gesis-ssoar-81336	20	3.1456332	publication
1817	Q0	gesis-ssoar-21218	21	3.0434804	publication
1817	Q0	gesis-ssoar-61359	22	3.0100858	publication
1817	Q0	gesis-ssoar-86188	23	3.0100858	publication
18263	Q0	gesis-ssoar-66416	0	3.5623035	publication
18263	Q0	gesis-ssoar-74562	1	3.0607939	publication
18589	Q0	gesis-ssoar-64428	0	3.3028145	publication
18589	Q0	gesis-ssoar-16919	1	3.2337065	publication
18589	Q0	gesis-ssoar-67920	2	3.2096784	publication
19136	Q0	gesis-ssoar-77993	0	3.35038	publication
20168	Q0	gesis-ssoar-44087	0	3.9899035	publication
20775	Q0	gesis-ssoar-68657	0	3.8100789	publication
20775	Q0	gesis-ssoar-17346	1	3.6315446	publication
20775	Q0	gesis-ssoar-74531	2	3.5476174	publication
20775	Q0	gesis-ssoar-76071	3	3.5426278	publication
20775	Q0	gesis-ssoar-69082	4	3.5271711	publication
20775	Q0	gesis-ssoar-43928	5	3.4882774	publication
20775	Q0	gesis-ssoar-52360	6	3.4566054	publication
20775	Q0	gesis-ssoar-88610	7	3.3236184	publication
20775	Q0	gesis-ssoar-11210	8	3.2970119	publication
20775	Q0	gesis-ssoar-17143	9	3.2970119	publication
20775	Q0	gesis-ssoar-23378	10	3.2879066	publication
20775	Q0	gesis-ssoar-17339	11	3.2389874	publication
20775	Q0	gesis-ssoar-36106	12	3.2038875	publication
20775	Q0	gesis-ssoar-73323	13	3.1673572	publication
20775	Q0	gesis-ssoar-36108	14	3.1431847	publication
21846	Q0	gesis-ssoar-20232	0	6.339342	publication
21846	Q0	gesis-ssoar-20437	1	6.212146	publication
21846	Q0	gesis-ssoar-79901	2	5.9892426	publication
21846	Q0	gesis-ssoar-6063	3	5.908124	publication
21846	Q0	gesis-ssoar-12472	4	5.246251	publication
21846	Q0	gesis-ssoar-82263	5	5.2239876	publication
21846	Q0	gesis-ssoar-20612	6	4.3349376	publication
21879	Q0	gesis-ssoar-28144	0	9.7097435	publication
21879	Q0	gesis-ssoar-20437	1	9.309221	publication
21879	Q0	gesis-ssoar-19880	2	8.925669	publication
21879	Q0	gesis-ssoar-20908	3	7.152677	publication
21879	Q0	gesis-ssoar-20232	4	6.339342	publication
21879	Q0	gesis-ssoar-6063	5	5.908124	publication
21879	Q0	gesis-ssoar-12472	6	5.246251	publication
221	Q0	gesis-ssoar-45682	0	3.1100087	publication
221	Q0	gesis-ssoar-66059	1	3.0161965	publication
2272	Q0	gesis-ssoar-45748	0	7.0333633	publication
2272	Q0	gesis-ssoar-45767	1	7.028841	publication
2272	Q0	gesis-ssoar-45732	2	6.9349184	publication
2272	Q0	gesis-ssoar-48811	3	6.7987785	publication
2272	Q0	cews-2-798372	4	6.51176	publication
2272	Q0	cews-2-809444	5	6.362869	publication
2272	Q0	gesis-ssoar-53358	6	6.362869	publication
2272	Q0	gesis-ssoar-61827	7	6.3099084	publication
2272	Q0	cews-2-615135	8	6.215334	publication
2272	Q0	gesis-ssoar-84663	9	6.136728	publication
2272	Q0	cews-2-695676	10	6.0880985	publication
2272	Q0	gesis-ssoar-69830	11	6.040392	publication
22951	Q0	gesis-ssoar-35697	0	4.027478	publication
22951	Q0	gesis-ssoar-85133	1	3.942535	publication
22951	Q0	gesis-ssoar-65864	2	3.942535	publication
22951	Q0	gesis-ssoar-68654	3	3.8611007	publication
22951	Q0	bibsonomy-wittenberg2011nrnberg	4	3.5664372	publication
22951	Q0	gesis-ssoar-26967	5	3.4353514	publication
22951	Q0	bibsonomy-rau2007nonresponse	6	3.2001085	publication
22951	Q0	gesis-ssoar-70121	7	3.0941687	publication
22951	Q0	gesis-ssoar-17276	8	2.446292	publication
230	Q0	gesis-ssoar-48505	0	5.8896585	publication
230	Q0	gesis-ssoar-50408	1	5.795449	publication
230	Q0	gesis-ssoar-16547	2	5.5571475	publication
230	Q0	gesis-ssoar-36868	3	4.206189	publication
230	Q0	gesis-ssoar-12210	4	3.9830558	publication
230	Q0	gesis-ssoar-21975	5	3.9374998	publication
230	Q0	gesis-ssoar-40500	6	3.719938	publication
230	Q0	gesis-ssoar-38367	7	3.6397908	publication
230	Q0	gesis-ssoar-71948	8	3.5630243	publication
230	Q0	gesis-ssoar-51531	9	3.5630243	publication
230	Q0	gesis-ssoar-49473	10	3.489429	publication
230	Q0	gesis-ssoar-20517	11	3.3851943	publication
230	Q0	bibsonomy-beckers2010komparative	12	3.22313	publication
230	Q0	gesis-solis-00394944	13	2.994595	publication
230	Q0	gesis-ssoar-12160	14	2.7963223	publication
230	Q0	gesis-ssoar-18612	15	2.622675	publication
230	Q0	gesis-ssoar-18387	16	1.7522016	publication
23614	Q0	gesis-ssoar-76367	0	5.6925564	publication
23614	Q0	gesis-ssoar-85133	1	5.409832	publication
23614	Q0	gesis-ssoar-76363	2	5.063175	publication
23614	Q0	gesis-ssoar-67375	3	4.594592	publication
23614	Q0	gesis-ssoar-56856	4	4.4112263	publication
23614	Q0	gesis-ssoar-17476	5	4.220732	publication
23614	Q0	gesis-ssoar-47960	6	3.8872929	publication
2386	Q0	gesis-ssoar-67769	0	3.7873287	publication
2386	Q0	gesis-ssoar-34337	1	3.3712425	publication
2386	Q0	gesis-ssoar-19927	2	3.356916	publication
23986	Q0	gesis-ssoar-64521	0	2.9685383	publication
23986	Q0	gesis-ssoar-69510	1	2.8716986	publication
24946	Q0	gesis-ssoar-27450	0	4.631524	publication
24946	Q0	gesis-ssoar-69082	1	3.248345	publication
24946	Q0	gesis-ssoar-18603	2	3.0116432	publication
2585	Q0	gesis-ssoar-21276	0	4.6269073	publication
2585	Q0	bibsonomy-reuband1992streben	1	4.4492664	publication
2585	Q0	gesis-ssoar-12238	2	4.3805914	publication
2585	Q0	bibsonomy-jacobson2008sozialstruktur	3	4.279773	publication
2585	Q0	gesis-ssoar-24750	4	4.2069874	publication
2585	Q0	gesis-ssoar-24826	5	4.136636	publication
2585	Q0	gesis-ssoar-4708	6	3.981091	publication
2585	Q0	gesis-ssoar-4358	7	3.9700475	publication
2585	Q0	gesis-ssoar-68002	8	3.9142094	publication
2585	Q0	gesis-ssoar-9805	9	3.8767204	publication
2585	Q0	bibsonomy-kury1995kriminalitt	10	3.8471344	publication
2585	Q0	gesis-ssoar-3424	11	3.846579	publication
2585	Q0	bibsonomy-reuband1995vernderungen	12	3.8172674	publication
2585	Q0	gesis-ssoar-35803	13	3.7783966	publication
2585	Q0	gesis-ssoar-33849	14	3.7403092	publication
2585	Q0	gesis-ssoar-44026	15	3.7403092	publication
2585	Q0	gesis-ssoar-38493	16	3.675135	publication
2585	Q0	bibsonomy-dittmann2005entwicklung	17	3.6663933	publication
2585	Q0	gesis-ssoar-20461	18	3.6663933	publication
2585	Q0	bibsonomy-kerschkerisch1993gelegenheit	19	3.6663933	publication
2585	Q0	gesis-ssoar-27624	20	3.6218252	publication
2585	Q0	gesis-ssoar-51702	21	3.5950189	publication
2585	Q0	gesis-ssoar-36825	22	3.5950189	publication
2585	Q0	gesis-ssoar-32171	23	3.4694333	publication
2585	Q0	gesis-ssoar-21332	24	3.4611926	publication
2585	Q0	bibsonomy-bundesministeriumdesinnern2006zweiter	25	3.4611926	publication
2585	Q0	gesis-ssoar-24742	26	3.3066826	publication
2585	Q0	bibsonomy-bundesministeriumdesinnern2001erster	27	3.3066826	publication
2585	Q0	gesis-ssoar-62700	28	3.263064	publication
2585	Q0	gesis-ssoar-40145	29	3.263064	publication
2585	Q0	bibsonomy-oelkers2016lndliche	30	3.1784325	publication
2662	Q0	gesis-ssoar-23709	0	3.6361349	publication
2741	Q0	gesis-ssoar-57681	0	4.4638376	publication
2741	Q0	gesis-ssoar-62366	1	4.461568	publication
2741	Q0	gesis-ssoar-73774	2	4.4523115	publication
2741	Q0	gesis-ssoar-55200	3	4.4401417	publication
2817	Q0	gesis-ssoar-86068	0	5.197644	publication
2817	Q0	gesis-ssoar-60040	1	5.1914735	publication
2817	Q0	gesis-ssoar-77126	2	5.1819654	publication
2817	Q0	gesis-ssoar-32621	3	5.122371	publication
2817	Q0	bibsonomy-schurmann2022populistischedemobilisierung	4	4.9931693	publication
2817	Q0	gesis-ssoar-75281	5	4.9931693	publication
2817	Q0	gesis-ssoar-78362	6	4.7281504	publication
2817	Q0	gesis-ssoar-86480	7	4.698595	publication
2817	Q0	bibsonomy-westle2020schtzt	8	4.6910343	publication
2817	Q0	gesis-ssoar-32622	9	4.5822263	publication
2817	Q0	gesis-ssoar-82224	10	4.5454197	publication
2817	Q0	gesis-ssoar-82626	11	4.4433937	publication
2817	Q0	gesis-ssoar-82349	12	4.4103956	publication
2817	Q0	gesis-ssoar-81523	13	4.377884	publication
2817	Q0	gesis-ssoar-82484	14	4.3458476	publication
2817	Q0	bibsonomy-droste2019treiben	15	4.233782	publication
2817	Q0	gesis-ssoar-59220	16	3.9169638	publication
2817	Q0	gesis-ssoar-80144	17	3.9160056	publication
2817	Q0	gesis-ssoar-65032	18	3.7910173	publication
2817	Q0	gesis-ssoar-77341	19	3.7669709	publication
2817	Q0	bibsonomy-droste2019untersuchung	20	3.4198945	publication
2817	Q0	gesis-ssoar-80174	21	3.4198945	publication
2817	Q0	gesis-ssoar-68616	22	3.4198945	publication
2817	Q0	gesis-ssoar-62510	23	3.3816702	publication
28540	Q0	gesis-ssoar-45748	0	3.3383863	publication
28540	Q0	gesis-ssoar-45732	1	3.3025446	publication
28540	Q0	gesis-ssoar-71565	2	3.0702403	publication
28676	Q0	gesis-ssoar-57152	0	7.4682236	publication
28676	Q0	cews-2-809683	1	7.4682236	publication
28676	Q0	cews-2-811101	2	4.972241	publication
28676	Q0	cews-2-807312	3	4.0721583	publication
2884	Q0	bibsonomy-backhaus2004deutsche	0	4.8966475	publication
2884	Q0	bibsonomy-rippl2006abnahme	1	4.5364985	publication
2884	Q0	bibsonomy-watts1997xenophobia	2	4.476109	publication
2884	Q0	bibsonomy-wittich2004fremdenfeindlichkeit	3	4.476109	publication
2884	Q0	bibsonomy-rippl2003antisemitismus	4	4.4643564	publication
2884	Q0	gesis-ssoar-19246	5	4.3365273	publication
2884	Q0	gesis-ssoar-26528	6	4.2592545	publication
2884	Q0	gesis-ssoar-24709	7	4.25865	publication
2884	Q0	bibsonomy-scherr2009nationalismus	8	4.2251024	publication
2884	Q0	bibsonomy-russmann2010soziale	9	4.2053876	publication
2884	Q0	bibsonomy-schweer1997arbeitslosigkeit	10	4.0420313	publication
2884	Q0	gesis-ssoar-32114	11	3.98413	publication
2884	Q0	bibsonomy-friesl2010anderen	12	3.98413	publication
2884	Q0	bibsonomy-li2019einfluss	13	3.98413	publication
2884	Q0	bibsonomy-rippl2008freunden	14	3.927864	publication
2884	Q0	bibsonomy-cohrs2003konstruktiven	15	3.9064107	publication
2884	Q0	bibsonomy-eckert2001fremdenfeindlichkeit	16	3.8993082	publication
2884	Q0	gesis-ssoar-19252	17	3.8731654	publication
2884	Q0	bibsonomy-ahlheim2000fremden	18	3.8731654	publication
2884	Q0	bibsonomy-rippl2003kompensation	19	3.8731654	publication
2884	Q0	bibsonomy-diebeauftragtederbundesregierungfurmigrationfluchtlingeundintegration2007fremdenfeindlichkeit	20	3.768214	publication
2884	Q0	bibsonomy-dick2012fremdenfeindlichkeit	21	3.6688006	publication
2884	Q0	gesis-ssoar-47442	22	3.574498	publication
2884	Q0	bibsonomy-diehl2011fremdenfeindlichkeit	23	3.574498	publication
2884	Q0	gesis-ssoar-19299	24	3.574498	publication
2884	Q0	gesis-ssoar-83294	25	3.574498	publication
2884	Q0	bibsonomy-beck2015einstellungen	26	3.4624243	publication
2884	Q0	bibsonomy-trommertiedeman2015image	27	3.4410057	publication
2884	Q0	bibsonomy-scherr2010situations	28	3.3997247	publication
2884	Q0	gesis-ssoar-47444	29	3.3997247	publication
2884	Q0	gesis-ssoar-65012	30	3.398954	publication
2884	Q0	bibsonomy-wagner2000sozialpsychologische	31	3.398954	publication
2884	Q0	gesis-ssoar-31663	32	3.398954	publication
2884	Q0	bibsonomy-eckert1996erklrungsmuster	33	3.3185945	publication
2884	Q0	bibsonomy-mitulla1997wahrnehmung	34	3.3178601	publication
2884	Q0	bibsonomy-arzheimer2016strukturgleichungsmodelle	35	3.2787466	publication
2884	Q0	bibsonomy-braun1993ideologie	36	3.2787466	publication
2884	Q0	bibsonomy-bacher1999arbeitslosigkeit	37	3.2787466	publication
2884	Q0	gesis-ssoar-47441	38	3.241246	publication
2884	Q0	bibsonomy-lebhart2002determinanten	39	3.2405448	publication
2884	Q0	gesis-ssoar-84125	40	3.2032235	publication
2884	Q0	bibsonomy-weber2018bedeutung	41	3.2032235	publication
2884	Q0	bibsonomy-wahl2001fremdenfeindlichkeit	42	3.1311011	publication
2884	Q0	gesis-ssoar-65211	43	2.9961798	publication
2911	Q0	bibsonomy-leite2020finding	0	4.556385	publication
2911	Q0	gesis-ssoar-79009	1	4.479904	publication
2911	Q0	gesis-ssoar-79010	2	4.479904	publication
2911	Q0	bibsonomy-plepytedavidaviciene2020matuojama	3	4.440303	publication
29262	Q0	gesis-ssoar-37432	0	3.8840427	publication
29262	Q0	gesis-ssoar-47122	1	3.7688594	publication
29262	Q0	cews-2-806355	2	3.34554	publication
29421	Q0	gesis-ssoar-37432	0	3.8840427	publication
29421	Q0	gesis-ssoar-77173	1	3.46624	publication
29421	Q0	gesis-ssoar-34544	2	3.1098552	publication
29421	Q0	gesis-ssoar-37314	3	3.1098552	publication
2945	Q0	gesis-ssoar-34545	0	5.476804	publication
31054	Q0	gesis-ssoar-62238	0	2.8481555	publication
31126	Q0	bibsonomy-langhoff2019gesundheitsbelastungen	0	6.6491346	publication
31126	Q0	gesis-ssoar-72201	1	6.6201334	publication
31126	Q0	gesis-ssoar-64790	2	6.473902	publication
31126	Q0	gesis-ssoar-37098	3	6.081015	publication
31126	Q0	gesis-ssoar-40280	4	5.7935843	publication
31126	Q0	gesis-ssoar-38281	5	5.5454884	publication
31126	Q0	gesis-ssoar-28423	6	3.87773	publication
31126	Q0	gesis-ssoar-68022	7	3.6469755	publication
31126	Q0	gesis-ssoar-2790	8	3.5078144	publication
3125	Q0	gesis-ssoar-64422	0	3.7450514	publication
3125	Q0	gesis-ssoar-38669	1	3.5833879	publication
3125	Q0	gesis-ssoar-20162	2	3.10634	publication
3147	Q0	gesis-ssoar-18451	0	4.713997	publication
3147	Q0	gesis-ssoar-41490	1	4.314001	publication
3147	Q0	gesis-ssoar-36091	2	4.234448	publication
3147	Q0	gesis-ssoar-78214	3	4.130831	publication
3147	Q0	gesis-ssoar-61920	4	4.0155854	publication
3147	Q0	gesis-ssoar-78217	5	3.989615	publication
3147	Q0	gesis-ssoar-56574	6	3.9071546	publication
3147	Q0	bibsonomy-hennig2009antisemitismus	7	3.8677375	publication
31794	Q0	gesis-ssoar-62102	0	4.0344334	publication
31794	Q0	gesis-ssoar-36543	1	3.9877656	publication
31794	Q0	gesis-ssoar-53812	2	3.9726365	publication
31794	Q0	gesis-ssoar-55609	3	3.927874	publication
32087	Q0	gesis-ssoar-87857	0	4.007656	publication
32087	Q0	cews-2-756446	1	3.9207258	publication
32087	Q0	gesis-ssoar-18243	2	3.8999698	publication
32087	Q0	gesis-ssoar-1971	3	3.757709	publication
32087	Q0	cews-2-806429	4	3.719051	publication
32087	Q0	gesis-ssoar-18520	5	3.6297095	publication
32087	Q0	cews-2-809593	6	3.6297095	publication
32087	Q0	gesis-ssoar-82708	7	3.579589	publication
32087	Q0	gesis-ssoar-78873	8	3.4268923	publication
32087	Q0	gesis-ssoar-68832	9	3.2652512	publication
32087	Q0	cews-2-809761	10	3.2216034	publication
32087	Q0	gesis-ssoar-57884	11	3.2216034	publication
3247	Q0	gesis-ssoar-71261	0	3.6134667	publication
3247	Q0	gesis-ssoar-63312	1	3.5537605	publication
32738	Q0	gesis-ssoar-58233	0	3.303414	publication
32738	Q0	gesis-ssoar-26823	1	3.277373	publication
32738	Q0	gesis-ssoar-80127	2	3.0614994	publication
32738	Q0	gesis-ssoar-26160	3	2.9832392	publication
32820	Q0	gesis-ssoar-62725	0	4.4660006	publication
32820	Q0	gesis-ssoar-45672	1	3.8438873	publication
32820	Q0	gesis-ssoar-53388	2	3.2446644	publication
32820	Q0	gesis-ssoar-62673	3	3.2081368	publication
32820	Q0	gesis-ssoar-62775	4	3.1374943	publication
32820	Q0	gesis-ssoar-37404	5	3.1374943	publication
32820	Q0	gesis-ssoar-63576	6	3.069896	publication
32820	Q0	gesis-ssoar-28270	7	3.005149	publication
32820	Q0	gesis-ssoar-42883	8	2.8835168	publication
32820	Q0	gesis-ssoar-9259	9	2.8551624	publication
3294	Q0	cews-2-809335	0	2.9496183	publication
32984	Q0	gesis-ssoar-75602	0	2.7615545	publication
32984	Q0	gesis-ssoar-79007	1	2.6908052	publication
3307	Q0	bibsonomy-reichert2016internal	0	3.277943	publication
3307	Q0	gesis-ssoar-64606	1	3.1694121	publication
3307	Q0	bibsonomy-reichert2018important	2	3.1517916	publication
33259	Q0	gesis-ssoar-64899	0	4.455449	publication
33259	Q0	gesis-ssoar-68506	1	4.0192814	publication
33259	Q0	gesis-ssoar-79493	2	3.6041842	publication
33259	Q0	gesis-ssoar-62791	3	3.6041842	publication
33259	Q0	gesis-ssoar-61915	4	3.6041842	publication
33259	Q0	gesis-ssoar-58232	5	3.5312452	publication
33259	Q0	gesis-ssoar-35476	6	3.5312452	publication
33259	Q0	gesis-ssoar-43194	7	3.3938794	publication
33259	Q0	gesis-ssoar-37421	8	3.2067642	publication
33259	Q0	gesis-ssoar-39024	9	3.2067642	publication
33259	Q0	gesis-ssoar-46225	10	2.8882837	publication
33371	Q0	gesis-ssoar-17314	0	4.24004	publication
33371	Q0	gesis-ssoar-55275	1	4.152147	publication
33371	Q0	gesis-ssoar-1993	2	3.3284347	publication
3340	Q0	gesis-ssoar-69172	0	3.56255	publication
33461	Q0	gesis-ssoar-20232	0	6.339342	publication
33461	Q0	bibsonomy-barth2021bedeutung	1	6.278514	publication
33461	Q0	gesis-ssoar-17929	2	6.2658844	publication
33461	Q0	gesis-ssoar-20437	3	6.212146	publication
33461	Q0	gesis-ssoar-6063	4	5.908124	publication
33461	Q0	gesis-ssoar-20612	5	4.3349376	publication
3365	Q0	gesis-ssoar-28348	0	4.8630843	publication
3365	Q0	gesis-ssoar-4708	1	4.7587304	publication
3365	Q0	gesis-ssoar-83329	2	4.4592614	publication
3365	Q0	gesis-ssoar-28346	3	4.2976317	publication
3365	Q0	gesis-ssoar-24389	4	4.006139	publication
3365	Q0	gesis-ssoar-28349	5	4.006139	publication
3365	Q0	gesis-ssoar-40085	6	3.917996	publication
3365	Q0	gesis-ssoar-40351	7	3.9004488	publication
3365	Q0	gesis-ssoar-80398	8	3.5699363	publication
3365	Q0	cews-2-807975	9	3.3667004	publication
3365	Q0	gesis-ssoar-40441	10	3.3667004	publication
3365	Q0	gesis-ssoar-28352	11	3.328799	publication
3365	Q0	bibsonomy-atzendorf2019gebrauch	12	3.2924213	publication
3365	Q0	gesis-ssoar-44929	13	3.1853588	publication
3365	Q0	cews-2-808743	14	3.1853588	publication
3365	Q0	gesis-ssoar-28347	15	3.1181767	publication
3365	Q0	gesis-ssoar-9112	16	3.0537698	publication
3365	Q0	gesis-ssoar-3670	17	2.9919696	publication
3365	Q0	gesis-ssoar-49303	18	2.8207185	publication
3365	Q0	gesis-ssoar-43586	19	2.8207185	publication
3365	Q0	gesis-ssoar-74959	20	2.8207185	publication
3365	Q0	gesis-ssoar-24824	21	2.8207185	publication
34145	Q0	gesis-ssoar-72069	0	4.668187	publication
34145	Q0	bibsonomy-rommelspacher2003rechtsextremismus	1	4.4482236	publication
34145	Q0	gesis-ssoar-68585	2	4.39266	publication
34145	Q0	gesis-ssoar-3931	3	4.39266	publication
34145	Q0	cews-2-808852	4	4.39266	publication
34145	Q0	gesis-ssoar-18453	5	4.356157	publication
34145	Q0	gesis-ssoar-9334	6	4.28407	publication
34145	Q0	gesis-ssoar-75130	7	4.2611427	publication
34145	Q0	bibsonomy-rohr2011rechtsextremismus	8	4.181134	publication
34145	Q0	gesis-ssoar-1698	9	4.181134	publication
34145	Q0	bibsonomy-scherr2007rechtsextremismus	10	4.0614147	publication
34145	Q0	bibsonomy-bugiel2002rechtsextremismus	11	3.9787009	publication
34145	Q0	bibsonomy-fijalkowski1996transnationale	12	3.9385946	publication
34145	Q0	gesis-ssoar-55087	13	3.9385946	publication
34145	Q0	bibsonomy-lebhart2002determinanten	14	3.9283276	publication
34145	Q0	bibsonomy-holtmann2014sachsenanhaltmonitor	15	3.9272287	publication
34145	Q0	gesis-ssoar-16809	16	3.898928	publication
34145	Q0	bibsonomy-bergmann2001viele	17	3.8607602	publication
34145	Q0	bibsonomy-fuchs2003rechtsextremismus	18	3.8607602	publication
34145	Q0	gesis-ssoar-78072	19	3.8607602	publication
34145	Q0	bibsonomy-bergmann2005viele	20	3.8607602	publication
34145	Q0	bibsonomy-sommer2010rechtsextreme	21	3.8607602	publication
34145	Q0	gesis-ssoar-71624	22	3.785942	publication
34145	Q0	gesis-ssoar-78220	23	3.7856016	publication
34145	Q0	gesis-ssoar-31859	24	3.7856016	publication
34145	Q0	gesis-ssoar-72068	25	3.6786773	publication
34145	Q0	bibsonomy-eckert2001fremdenfeindlichkeit	26	3.651933	publication
34145	Q0	cews-2-810152	27	3.644681	publication
34145	Q0	gesis-ssoar-17091	28	3.644681	publication
34145	Q0	gesis-ssoar-75097	29	3.5291555	publication
34145	Q0	cews-2-809609	30	3.45801	publication
34145	Q0	gesis-ssoar-56586	31	3.45801	publication
34145	Q0	gesis-ssoar-86381	32	3.436049	publication
3420	Q0	gesis-ssoar-77516	0	5.457321	publication
3474	Q0	cews-2-809744	0	4.283508	publication
3474	Q0	gesis-ssoar-18496	1	4.283508	publication
3474	Q0	cews-2-723760	2	4.2355685	publication
3474	Q0	gesis-ssoar-66623	3	4.1459455	publication
3474	Q0	cews-2-781830	4	3.9821422	publication
3474	Q0	gesis-ssoar-21922	5	3.551878	publication
3474	Q0	gesis-ssoar-26690	6	3.4223504	publication
3474	Q0	gesis-ssoar-34526	7	3.3733258	publication
3474	Q0	gesis-ssoar-25897	8	3.325686	publication
3474	Q0	gesis-ssoar-21911	9	3.234332	publication
3474	Q0	cews-2-555112	10	3.234332	publication
3474	Q0	cews-2-795438	11	3.1764328	publication
3474	Q0	cews-2-806238	12	3.168253	publication
36787	Q0	gesis-ssoar-55402	0	2.9326591	publication
36787	Q0	gesis-ssoar-38587	1	2.8727376	publication
36787	Q0	gesis-ssoar-45270	2	2.8487382	publication
36787	Q0	gesis-ssoar-55665	3	2.8376436	publication
37090	Q0	gesis-ssoar-25620	0	4.1393204	publication
37090	Q0	gesis-ssoar-44894	1	4.000657	publication
38053	Q0	gesis-ssoar-86410	0	3.4819174	publication
3856	Q0	gesis-ssoar-26706	0	2.943476	publication
3856	Q0	gesis-ssoar-45640	1	2.9137204	publication
3856	Q0	gesis-ssoar-49669	2	2.8971648	publication
3938	Q0	cews-2-806887	0	2.182969	publication
3938	Q0	gesis-ssoar-66261	1	2.1366801	publication
39449	Q0	gesis-ssoar-74993	0	3.344424	publication
39449	Q0	gesis-ssoar-73494	1	3.0790658	publication
39449	Q0	gesis-ssoar-77191	2	2.8527212	publication
39506	Q0	cews-2-693306	0	3.7856154	publication
39506	Q0	gesis-ssoar-65638	1	3.527393	publication
39506	Q0	cews-2-734177	2	3.446817	publication
39506	Q0	gesis-ssoar-37405	3	3.3973715	publication
39506	Q0	gesis-ssoar-72522	4	3.2035747	publication
39506	Q0	cews-2-703840	5	3.0242667	publication
40249	Q0	cews-2-806177	0	4.600218	publication
40249	Q0	cews-2-806605	1	4.1816263	publication
40249	Q0	gesis-ssoar-39135	2	3.9779136	publication
40249	Q0	cews-2-758168	3	3.9779136	publication
40249	Q0	gesis-ssoar-62215	4	3.920455	publication
40249	Q0	cews-2-811711	5	3.79825	publication
40249	Q0	cews-2-806308	6	3.7563305	publication
40249	Q0	gesis-ssoar-74442	7	3.63483	publication
4027	Q0	gesis-ssoar-49428	0	4.162758	publication
4027	Q0	cews-2-809193	1	4.162758	publication
4027	Q0	cews-2-807992	2	4.150134	publication
4027	Q0	gesis-ssoar-35740	3	3.9307265	publication
4027	Q0	gesis-ssoar-39604	4	3.851139	publication
4027	Q0	cews-2-806563	5	3.8155599	publication
4027	Q0	gesis-ssoar-75394	6	3.8155599	publication
4027	Q0	gesis-ssoar-23342	7	3.807139	publication
4027	Q0	cews-2-726458	8	3.807139	publication
4027	Q0	gesis-ssoar-31236	9	3.733077	publication
4027	Q0	gesis-ssoar-45644	10	3.7023144	publication
4027	Q0	cews-2-808783	11	3.7023144	publication
4027	Q0	cews-2-806088	12	3.471497	publication
4027	Q0	gesis-ssoar-66382	13	3.3415933	publication
4034	Q0	bibsonomy-sachweh2011unvermeidbare	0	4.121555	publication
4034	Q0	cews-2-737450	1	4.087844	publication
4034	Q0	gesis-ssoar-64521	2	4.072238	publication
4034	Q0	gesis-ssoar-34960	3	4.048784	publication
4034	Q0	bibsonomy-wagner1997soziale	4	4.0259075	publication
4034	Q0	bibsonomy-burzan2010soziologie	5	3.9990406	publication
4034	Q0	bibsonomy-hradil1999soziale	6	3.9509788	publication
4034	Q0	bibsonomy-hradil2001soziale	7	3.9509788	publication
4034	Q0	bibsonomy-hadjar2008meritokratie	8	3.9457183	publication
4034	Q0	cews-2-774607	9	3.8948355	publication
4034	Q0	gesis-ssoar-21640	10	3.8934822	publication
4034	Q0	bibsonomy-gross2008theorien	11	3.8804202	publication
4034	Q0	gesis-ssoar-60915	12	3.8512554	publication
4034	Q0	bibsonomy-moosdorf2020kritik	13	3.8241653	publication
4034	Q0	bibsonomy-kohler2006einstellungen	14	3.7999315	publication
4034	Q0	bibsonomy-noll1998wahrnehmung	15	3.7756941	publication
4034	Q0	gesis-ssoar-56005	16	3.7756906	publication
4034	Q0	bibsonomy-ferchland2014aspekte	17	3.7749872	publication
4034	Q0	cews-2-718169	18	3.7694988	publication
40380	Q0	gesis-ssoar-17563	0	3.2935197	publication
40505	Q0	gesis-ssoar-23739	0	5.0562267	publication
40505	Q0	gesis-ssoar-73267	1	4.6474442	publication
40505	Q0	gesis-ssoar-67649	2	4.3777018	publication
40505	Q0	gesis-ssoar-67580	3	3.9095192	publication
40505	Q0	gesis-ssoar-67239	4	3.8965015	publication
40505	Q0	gesis-ssoar-1727	5	3.7924907	publication
40505	Q0	cews-2-753992	6	3.519804	publication
40541	Q0	gesis-ssoar-72644	0	3.885548	publication
40541	Q0	gesis-ssoar-38479	1	3.7240827	publication
40541	Q0	gesis-ssoar-66172	2	3.4064806	publication
40541	Q0	gesis-ssoar-53031	3	3.3556666	publication
40541	Q0	gesis-ssoar-38668	4	3.2102828	publication
40674	Q0	gesis-ssoar-58606	0	2.9903698	publication
40674	Q0	gesis-ssoar-47905	1	2.9840195	publication
40674	Q0	cews-2-795085	2	2.8523402	publication
40674	Q0	gesis-ssoar-32520	3	2.820251	publication
40674	Q0	gesis-ssoar-77454	4	2.8025873	publication
40674	Q0	gesis-ssoar-76969	5	2.8021817	publication
40674	Q0	gesis-ssoar-40262	6	2.7960188	publication
40674	Q0	gesis-ssoar-69322	7	2.7945294	publication
40674	Q0	cews-2-761611	8	2.7789946	publication
40674	Q0	gesis-ssoar-75526	9	2.7617269	publication
40674	Q0	gesis-ssoar-69260	10	2.7549262	publication
40674	Q0	gesis-ssoar-80786	11	2.7549262	publication
40674	Q0	cews-2-806166	12	2.7440536	publication
40674	Q0	gesis-ssoar-67153	13	2.7365417	publication
40674	Q0	gesis-ssoar-66500	14	2.7340035	publication
40674	Q0	gesis-ssoar-82008	15	2.731841	publication
40674	Q0	gesis-ssoar-80004	16	2.7293074	publication
41495	Q0	gesis-ssoar-83180	0	4.016882	publication
41495	Q0	bibsonomy-rommeleandrea2012soziale	1	3.9287314	publication
41495	Q0	cews-2-690460	2	3.606001	publication
41495	Q0	bibsonomy-schulz2015medien	3	3.5699725	publication
41495	Q0	gesis-ssoar-74545	4	3.5676112	publication
41495	Q0	gesis-ssoar-58520	5	3.4099076	publication
41495	Q0	gesis-ssoar-56856	6	3.4084883	publication
41495	Q0	gesis-ssoar-81323	7	3.3353195	publication
41495	Q0	gesis-ssoar-67375	8	3.2785196	publication
41495	Q0	cews-2-570007	9	3.1521611	publication
41546	Q0	gesis-ssoar-74604	0	4.4728723	publication
41546	Q0	gesis-ssoar-18208	1	4.2667413	publication
41546	Q0	gesis-ssoar-74692	2	4.2626257	publication
41546	Q0	gesis-ssoar-72618	3	3.9934497	publication
41546	Q0	gesis-ssoar-68572	4	3.9385958	publication
41546	Q0	gesis-ssoar-3667	5	3.858504	publication
41546	Q0	gesis-ssoar-80164	6	3.809544	publication
41546	Q0	gesis-ssoar-76121	7	3.670157	publication
41546	Q0	gesis-ssoar-76120	8	3.569147	publication
4160	Q0	gesis-ssoar-53422	0	3.417141	publication
4160	Q0	gesis-ssoar-55138	1	3.3982954	publication
41655	Q0	gesis-ssoar-76071	0	4.7576284	publication
41655	Q0	gesis-ssoar-76070	1	4.679851	publication
41655	Q0	gesis-ssoar-68657	2	4.5259438	publication
41655	Q0	bibsonomy-stein2006effekte	3	4.5086374	publication
41655	Q0	gesis-ssoar-17339	4	4.5086374	publication
41655	Q0	bibsonomy-stein2006modellierung	5	4.5086374	publication
41655	Q0	gesis-ssoar-3725	6	4.491028	publication
41655	Q0	gesis-ssoar-43928	7	4.440376	publication
41655	Q0	cews-2-808593	8	4.440376	publication
41655	Q0	gesis-ssoar-23378	9	4.295267	publication
41655	Q0	gesis-ssoar-76067	10	4.236662	publication
41655	Q0	gesis-ssoar-11210	11	3.9582446	publication
41655	Q0	gesis-ssoar-72437	12	3.8555532	publication
41655	Q0	cews-2-634591	13	3.7337167	publication
41655	Q0	bibsonomy-stein2005effekte	14	3.7305615	publication
4182	Q0	gesis-ssoar-67688	0	6.842057	publication
4182	Q0	gesis-ssoar-44894	1	6.1993885	publication
4182	Q0	gesis-ssoar-67687	2	5.0789547	publication
4182	Q0	gesis-ssoar-73668	3	4.1173105	publication
4182	Q0	gesis-ssoar-21941	4	3.6884391	publication
427	Q0	gesis-ssoar-56986	0	3.0222192	publication
43444	Q0	gesis-ssoar-56921	0	3.6702254	publication
43444	Q0	gesis-ssoar-61833	1	3.5516276	publication
43698	Q0	bibsonomy-moscatelli2021generation	0	4.4674435	publication
43698	Q0	gesis-ssoar-73469	1	4.3205233	publication
43910	Q0	gesis-ssoar-86105	0	3.1202438	publication
4472	Q0	gesis-ssoar-53156	0	4.8092537	publication
4472	Q0	gesis-ssoar-53422	1	4.8037014	publication
4472	Q0	gesis-ssoar-45769	2	4.535643	publication
4472	Q0	gesis-ssoar-44192	3	4.5167274	publication
4472	Q0	gesis-ssoar-54068	4	4.472516	publication
4472	Q0	gesis-ssoar-54064	5	4.369908	publication
45770	Q0	gesis-ssoar-43950	0	6.0564113	publication
45770	Q0	gesis-ssoar-79468	1	5.8933873	publication
45770	Q0	gesis-ssoar-85351	2	5.795128	publication
45793	Q0	gesis-ssoar-75571	0	3.4048548	publication
45793	Q0	bibsonomy-vainio2013belief	1	3.36897	publication
45793	Q0	gesis-ssoar-62773	2	3.3673716	publication
45793	Q0	bibsonomy-nistor2022ranking	3	3.3653185	publication
4600	Q0	gesis-ssoar-82004	0	3.3855536	publication
4600	Q0	gesis-ssoar-72927	1	3.3695745	publication
4600	Q0	gesis-ssoar-74990	2	3.3382568	publication
4600	Q0	gesis-ssoar-49282	3	3.313543	publication
4600	Q0	gesis-ssoar-76645	4	3.1842864	publication
4600	Q0	gesis-ssoar-41924	5	3.1617575	publication
4600	Q0	gesis-ssoar-87449	6	3.1481583	publication
4600	Q0	gesis-ssoar-73747	7	3.143481	publication
4600	Q0	gesis-ssoar-88021	8	3.1249099	publication
4600	Q0	gesis-ssoar-67378	9	3.0964406	publication
4600	Q0	gesis-ssoar-44425	10	3.0890753	publication
46134	Q0	cews-2-808632	0	5.7152057	publication
46134	Q0	gesis-ssoar-44886	1	5.7152057	publication
46134	Q0	gesis-ssoar-66918	2	5.5499573	publication
46134	Q0	cews-2-811719	3	5.312874	publication
46134	Q0	gesis-ssoar-55180	4	4.8723006	publication
46134	Q0	gesis-ssoar-55229	5	4.7839193	publication
46134	Q0	cews-2-809571	6	4.7839193	publication
46134	Q0	gesis-ssoar-46571	7	4.2537823	publication
46134	Q0	gesis-ssoar-69106	8	4.1013775	publication
46134	Q0	gesis-ssoar-80169	9	3.8685627	publication
4690	Q0	gesis-ssoar-62952	0	3.6001754	publication
4690	Q0	gesis-ssoar-67331	1	3.4802308	publication
4690	Q0	gesis-ssoar-63950	2	3.2537942	publication
4690	Q0	cews-2-809168	3	3.227549	publication
4690	Q0	gesis-ssoar-48895	4	3.227549	publication
4690	Q0	gesis-ssoar-60440	5	3.2094219	publication
4690	Q0	gesis-ssoar-90087	6	3.1038482	publication
4690	Q0	bibsonomy-schat2019gesund	7	3.1038482	publication
4690	Q0	gesis-ssoar-33077	8	3.0700293	publication
4690	Q0	bibsonomy-stockl2011vergleich	9	3.0537767	publication
4690	Q0	bibsonomy-hobel2016subjektiver	10	3.0408661	publication
4690	Q0	bibsonomy-arzberger2010zusammenhang	11	3.0370903	publication
4690	Q0	cews-2-638114	12	2.9423828	publication
47291	Q0	gesis-ssoar-67544	0	4.445508	publication
4811	Q0	gesis-ssoar-63150	0	3.7556124	publication
4835	Q0	gesis-ssoar-70323	0	2.6854193	publication
4835	Q0	gesis-ssoar-70741	1	2.6652458	publication
4835	Q0	gesis-ssoar-48295	2	2.6610742	publication
50072	Q0	gesis-ssoar-46344	0	3.1252043	publication
50072	Q0	gesis-ssoar-62574	1	3.1138895	publication
50270	Q0	gesis-ssoar-62600	0	5.9211035	publication
5030	Q0	gesis-ssoar-21375	0	4.9765253	publication
5030	Q0	gesis-ssoar-18245	1	4.9121304	publication
5030	Q0	cews-2-809833	2	4.9121304	publication
5030	Q0	gesis-ssoar-47257	3	4.727104	publication
5030	Q0	gesis-ssoar-51702	4	4.1536446	publication
505	Q0	gesis-ssoar-2962	0	3.658035	publication
505	Q0	gesis-ssoar-58524	1	3.6141968	publication
505	Q0	gesis-ssoar-44127	2	3.5649097	publication
505	Q0	gesis-ssoar-17374	3	3.4029698	publication
505	Q0	gesis-ssoar-18279	4	3.3026216	publication
505	Q0	gesis-ssoar-18280	5	3.259978	publication
505	Q0	cews-2-811247	6	3.2095985	publication
505	Q0	cews-2-806872	7	3.1852129	publication
505	Q0	cews-2-640676	8	3.1852129	publication
505	Q0	cews-2-811323	9	3.1366653	publication
505	Q0	cews-2-806309	10	3.106822	publication
505	Q0	gesis-ssoar-71166	11	3.0463407	publication
505	Q0	gesis-ssoar-59647	12	3.0027025	publication
505	Q0	cews-2-736434	13	2.9602966	publication
505	Q0	gesis-ssoar-48723	14	2.9595213	publication
50581	Q0	gesis-ssoar-55685	0	4.374693	publication
50581	Q0	gesis-ssoar-64427	1	4.1948457	publication
50581	Q0	cews-2-811291	2	4.094841	publication
50581	Q0	gesis-ssoar-75180	3	4.0829434	publication
50581	Q0	gesis-ssoar-70168	4	4.0467815	publication
50581	Q0	gesis-ssoar-76512	5	4.046341	publication
50581	Q0	gesis-ssoar-68020	6	3.976984	publication
50581	Q0	gesis-ssoar-66923	7	3.9767714	publication
50581	Q0	gesis-ssoar-74533	8	3.95397	publication
50581	Q0	gesis-ssoar-66339	9	3.9091425	publication
50581	Q0	gesis-ssoar-61973	10	3.9091425	publication
50581	Q0	gesis-ssoar-67655	11	3.86532	publication
50581	Q0	gesis-ssoar-87424	12	3.801398	publication
50581	Q0	gesis-ssoar-64875	13	3.7807503	publication
50581	Q0	gesis-ssoar-69763	14	3.7807503	publication
50581	Q0	gesis-ssoar-68021	15	3.780558	publication
50581	Q0	gesis-ssoar-76171.2	16	3.780558	publication
50581	Q0	gesis-ssoar-42032	17	3.7395558	publication
50581	Q0	gesis-ssoar-67927.2	18	3.719759	publication
50581	Q0	gesis-ssoar-68007	19	3.7040327	publication
50581	Q0	gesis-ssoar-74429	20	3.6994336	publication
50581	Q0	gesis-ssoar-66308	21	3.683917	publication
50581	Q0	cews-2-810927	22	3.683917	publication
50581	Q0	gesis-ssoar-70167	23	3.6601634	publication
50581	Q0	gesis-ssoar-77892	24	3.6601634	publication
50581	Q0	gesis-ssoar-81040	25	3.6452932	publication
50581	Q0	gesis-ssoar-66338	26	3.621718	publication
50581	Q0	gesis-ssoar-74422	27	3.621718	publication
50581	Q0	gesis-ssoar-67687	28	3.621718	publication
50581	Q0	gesis-ssoar-74528	29	3.6166167	publication
50581	Q0	gesis-ssoar-74530	30	3.5468616	publication
50581	Q0	gesis-ssoar-77779	31	3.5110793	publication
50581	Q0	gesis-ssoar-68006	32	3.5110793	publication
50581	Q0	cews-2-811322	33	3.4929652	publication
50581	Q0	gesis-ssoar-64866	34	3.4756868	publication
50581	Q0	cews-2-810659	35	3.3899415	publication
5065	Q0	gesis-ssoar-21286	0	4.766003	publication
5065	Q0	gesis-ssoar-3892	1	4.600313	publication
5065	Q0	gesis-ssoar-61977	2	4.3977175	publication
5065	Q0	gesis-ssoar-20911	3	4.302967	publication
5065	Q0	gesis-ssoar-70312	4	4.2122135	publication
5065	Q0	gesis-ssoar-39102	5	4.1252093	publication
5065	Q0	gesis-ssoar-17301	6	3.81039	publication
5065	Q0	gesis-solis-00357879	7	3.6703377	publication
5065	Q0	gesis-ssoar-29623	8	3.6703377	publication
5065	Q0	gesis-ssoar-18594	9	3.0071607	publication
50992	Q0	gesis-ssoar-64875	0	5.3787737	publication
50992	Q0	gesis-ssoar-66308	1	5.23387	publication
50992	Q0	gesis-ssoar-64866	2	5.0627646	publication
50992	Q0	gesis-ssoar-64874	3	4.914245	publication
50992	Q0	cews-2-806393	4	4.8822646	publication
50992	Q0	gesis-ssoar-67297	5	4.8355584	publication
50992	Q0	gesis-ssoar-70167	6	4.6375365	publication
50992	Q0	gesis-ssoar-67656	7	4.6375365	publication
50992	Q0	gesis-ssoar-74422	8	4.578903	publication
50992	Q0	gesis-ssoar-68016	9	4.5552187	publication
50992	Q0	gesis-ssoar-81830	10	4.491783	publication
50992	Q0	gesis-ssoar-77779	11	4.4124126	publication
50992	Q0	gesis-ssoar-78936	12	4.3987617	publication
50992	Q0	gesis-ssoar-55685	13	4.374693	publication
50992	Q0	gesis-ssoar-65444	14	4.343525	publication
50992	Q0	gesis-ssoar-60842	15	4.343525	publication
50992	Q0	gesis-ssoar-65443	16	4.319843	publication
50992	Q0	gesis-ssoar-62870	17	4.319843	publication
50992	Q0	gesis-ssoar-62865	18	4.319843	publication
50992	Q0	gesis-ssoar-60846	19	4.2964277	publication
50992	Q0	gesis-ssoar-64863	20	4.291252	publication
50992	Q0	gesis-ssoar-64946	21	4.223691	publication
50992	Q0	gesis-ssoar-66614	22	4.198369	publication
50992	Q0	gesis-ssoar-64427	23	4.1948457	publication
50992	Q0	cews-2-806519	24	4.117969	publication
50992	Q0	gesis-ssoar-70988	25	4.0660453	publication
50992	Q0	gesis-ssoar-64860	26	4.0335817	publication
50992	Q0	gesis-ssoar-61973	27	3.9091425	publication
50992	Q0	gesis-ssoar-64861	28	3.8998294	publication
50992	Q0	gesis-ssoar-67655	29	3.86532	publication
50992	Q0	gesis-ssoar-67767	30	3.7710361	publication
51730	Q0	gesis-ssoar-83465	0	4.553891	publication
51730	Q0	gesis-ssoar-62676	1	4.1432176	publication
51730	Q0	gesis-ssoar-84111	2	4.039413	publication
51730	Q0	gesis-ssoar-24928	3	3.989437	publication
51730	Q0	gesis-ssoar-74939	4	3.801317	publication
51730	Q0	bibsonomy-seitz2019trends	5	3.6722481	publication
51730	Q0	gesis-ssoar-20932	6	3.6722481	publication
51730	Q0	gesis-ssoar-40441	7	3.671472	publication
51730	Q0	gesis-ssoar-8714	8	3.6301396	publication
51730	Q0	bibsonomy-seitz2019trends-2	9	3.590469	publication
51730	Q0	bibsonomy-atzendorf2019gebrauch	10	3.590469	publication
51730	Q0	gesis-ssoar-81400	11	3.5122526	publication
51730	Q0	bibsonomy-kraus2021altersspezifische	12	3.5122526	publication
51730	Q0	gesis-ssoar-18240	13	3.5122526	publication
51730	Q0	cews-2-649747	14	3.4004505	publication
51730	Q0	gesis-ssoar-35458	15	3.3656173	publication
51730	Q0	gesis-ssoar-42863	16	3.1980977	publication
51730	Q0	gesis-ssoar-16519	17	3.1980977	publication
51730	Q0	bibsonomy-koschollek2019gesundheit	18	2.9630032	publication
51730	Q0	gesis-ssoar-72167	19	2.9630032	publication
51730	Q0	gesis-ssoar-70639	20	2.9630032	publication
51730	Q0	gesis-ssoar-35692	21	2.7601051	publication
51730	Q0	gesis-ssoar-18480	22	2.5030074	publication
51730	Q0	gesis-ssoar-32009	23	2.0049815	publication
5274	Q0	cews-2-772975	0	2.5339096	publication
5274	Q0	gesis-ssoar-32393	1	2.4687297	publication
5274	Q0	gesis-ssoar-65197	2	2.4297426	publication
5275	Q0	bibsonomy-krause2018crisis	0	2.6293144	publication
52781	Q0	gesis-ssoar-74939	0	4.020152	publication
52895	Q0	bibsonomy-nqwane2021perceived	0	2.7176635	publication
52895	Q0	bibsonomy-haddon2022actual	1	2.684735	publication
52895	Q0	bibsonomy-ahrens2022unfair	2	2.6399534	publication
5335	Q0	gesis-ssoar-37165	0	9.775279	publication
5335	Q0	gesis-ssoar-43911	1	7.876461	publication
5335	Q0	gesis-ssoar-28273	2	7.5780287	publication
5335	Q0	gesis-ssoar-52997	3	7.5050497	publication
5335	Q0	gesis-ssoar-45246	4	7.27639	publication
5335	Q0	gesis-ssoar-79053	5	7.0092716	publication
5335	Q0	gesis-ssoar-76117	6	6.9994593	publication
5335	Q0	gesis-ssoar-78178	7	6.661317	publication
5335	Q0	gesis-ssoar-76363	8	5.9321413	publication
5377	Q0	gesis-ssoar-79930	0	4.21401	publication
53774	Q0	gesis-ssoar-70330	0	3.5745542	publication
53774	Q0	gesis-ssoar-65784	1	3.3781743	publication
53827	Q0	gesis-ssoar-68841	0	5.554104	publication
53827	Q0	gesis-ssoar-30823	1	3.7826524	publication
53827	Q0	gesis-ssoar-42259	2	3.5781498	publication
53827	Q0	gesis-ssoar-20190	3	3.5781498	publication
53827	Q0	gesis-ssoar-58677	4	2.8430862	publication
53827	Q0	gesis-ssoar-71193	5	2.7489657	publication
53827	Q0	gesis-ssoar-65726	6	2.4275136	publication
53827	Q0	gesis-ssoar-70857	7	2.2934227	publication
53827	Q0	gesis-ssoar-52983	8	2.0652604	publication
5407	Q0	gesis-ssoar-36165	0	2.886955	publication
5407	Q0	cews-2-690460	1	2.8592892	publication
5407	Q0	bibsonomy-scholtz2020mediensoziologie	2	2.70755	publication
54808	Q0	gesis-ssoar-20892	0	4.247166	publication
54808	Q0	cews-2-733797	1	3.978436	publication
54808	Q0	gesis-ssoar-21110	2	3.5989137	publication
54995	Q0	gesis-ssoar-34607	0	3.8671055	publication
54995	Q0	gesis-ssoar-75890	1	3.6082113	publication
54995	Q0	gesis-ssoar-37364	2	3.4627662	publication
54995	Q0	gesis-ssoar-71239	3	3.4298615	publication
54995	Q0	cews-2-506912	4	3.3356462	publication
54995	Q0	gesis-ssoar-58610	5	3.042371	publication
55130	Q0	gesis-ssoar-71195	0	3.6022446	publication
55130	Q0	cews-2-626569	1	3.5644076	publication
55130	Q0	gesis-ssoar-41230	2	3.4206872	publication
55130	Q0	gesis-ssoar-45340	3	3.3615456	publication
55130	Q0	gesis-ssoar-31445	4	3.3530877	publication
55130	Q0	gesis-ssoar-35793	5	3.336299	publication
55130	Q0	gesis-ssoar-71322	6	3.3123279	publication
55130	Q0	gesis-ssoar-42647	7	3.240715	publication
55130	Q0	gesis-ssoar-42646	8	3.240715	publication
55130	Q0	gesis-ssoar-71202	9	3.1504557	publication
55130	Q0	gesis-ssoar-46036	10	3.0650878	publication
55130	Q0	gesis-ssoar-34398	11	3.0650878	publication
55226	Q0	gesis-ssoar-25502	0	4.7957096	publication
55226	Q0	gesis-ssoar-73014	1	3.3416512	publication
55428	Q0	gesis-ssoar-74990	0	1.755482	publication
55428	Q0	gesis-ssoar-64885	1	1.6484321	publication
56089	Q0	cews-2-684121	0	4.759185	publication
56089	Q0	cews-2-665128	1	4.2292576	publication
56089	Q0	cews-2-807941	2	3.983738	publication
56089	Q0	cews-2-802592	3	3.2609797	publication
56202	Q0	gesis-ssoar-47697	0	5.410516	publication
56202	Q0	gesis-ssoar-30926	1	5.342956	publication
56202	Q0	gesis-ssoar-25502	2	4.7957096	publication
56202	Q0	gesis-ssoar-24710	3	4.527303	publication
56202	Q0	gesis-ssoar-34281	4	4.3252015	publication
56202	Q0	gesis-ssoar-3652	5	3.9064772	publication
56202	Q0	cews-2-755372	6	3.642608	publication
56202	Q0	gesis-ssoar-21941	7	3.5243158	publication
56202	Q0	gesis-ssoar-16659	8	3.4121299	publication
56202	Q0	gesis-ssoar-10093	9	3.3416512	publication
56202	Q0	cews-2-614142	10	3.2090821	publication
56202	Q0	gesis-ssoar-19568	11	3.1466653	publication
56202	Q0	gesis-ssoar-46092	12	3.08663	publication
56202	Q0	gesis-ssoar-33080	13	2.677898	publication
56202	Q0	gesis-ssoar-11646	14	2.677898	publication
56202	Q0	gesis-ssoar-47614	15	2.1171823	publication
57292	Q0	gesis-ssoar-84886	0	3.3608375	publication
57292	Q0	gesis-ssoar-49575	1	3.0467877	publication
5736	Q0	gesis-ssoar-35306	0	3.7036119	publication
5736	Q0	gesis-ssoar-17394	1	3.6121612	publication
5736	Q0	gesis-ssoar-39450	2	3.4774003	publication
57703	Q0	gesis-ssoar-38840	0	5.341463	publication
57703	Q0	cews-2-708682	1	4.429925	publication
57703	Q0	cews-2-611600	2	4.334481	publication
57703	Q0	gesis-ssoar-39935	3	4.2430625	publication
57703	Q0	gesis-ssoar-40111	4	4.2430625	publication
57703	Q0	gesis-ssoar-38477	5	3.8382964	publication
57703	Q0	gesis-ssoar-40037	6	3.6972184	publication
57703	Q0	cews-2-808347	7	3.6972184	publication
57703	Q0	gesis-ssoar-22212	8	3.5661435	publication
57703	Q0	gesis-ssoar-30777	9	3.2233205	publication
57703	Q0	bibsonomy-vogt2001tgliches	10	2.383255	publication
58154	Q0	gesis-ssoar-37019	0	3.8849516	publication
58154	Q0	gesis-ssoar-42411	1	3.8163152	publication
58154	Q0	gesis-ssoar-33080	2	3.4365678	publication
58154	Q0	gesis-ssoar-40351	3	2.7475147	publication
5830	Q0	bibsonomy-schnaudt2020politisches	0	4.200472	publication
5830	Q0	bibsonomy-tausendpfund2020politisches	1	4.0825753	publication
5830	Q0	bibsonomy-westle2020schtzt	2	4.0718217	publication
5830	Q0	gesis-ssoar-53461	3	4.0086317	publication
5830	Q0	bibsonomy-moosdorf2020kritik	4	3.9571943	publication
5830	Q0	bibsonomy-westle2020politische	5	3.951649	publication
5830	Q0	gesis-ssoar-66311	6	3.9190664	publication
5830	Q0	bibsonomy-braun2019politisches	7	3.8560128	publication
5830	Q0	gesis-ssoar-62791	8	3.8193944	publication
5830	Q0	bibsonomy-marx2019beschftigungsunsicherheit	9	3.772212	publication
5830	Q0	bibsonomy-cleve2021politisches	10	3.7693043	publication
5830	Q0	gesis-ssoar-65596	11	3.6036253	publication
5830	Q0	gesis-ssoar-65865	12	3.4948313	publication
5830	Q0	gesis-ssoar-62242	13	3.2671561	publication
5830	Q0	gesis-ssoar-22055	14	3.1437366	publication
5830	Q0	bibsonomy-cleve2019politisches	15	2.9953074	publication
5843	Q0	gesis-ssoar-59935	0	2.2305126	publication
58596	Q0	cews-2-806452	0	4.1909275	publication
59281	Q0	cews-2-808020	0	4.7590175	publication
59281	Q0	gesis-ssoar-35495	1	4.7590175	publication
59281	Q0	cews-2-611600	2	3.9810972	publication
59281	Q0	gesis-ssoar-39437	3	3.870217	publication
59281	Q0	cews-2-808187	4	3.870217	publication
59281	Q0	gesis-ssoar-39445	5	3.8170612	publication
59281	Q0	cews-2-808526	6	3.4822688	publication
59281	Q0	gesis-ssoar-68431	7	3.4822688	publication
59281	Q0	gesis-ssoar-42487	8	3.4822688	publication
59281	Q0	cews-2-719486	9	3.128718	publication
59281	Q0	cews-2-741363	10	2.8702195	publication
59288	Q0	gesis-ssoar-35495	0	4.7590175	publication
59288	Q0	gesis-ssoar-90009	1	4.2230763	publication
59288	Q0	cews-2-509157	2	4.0389547	publication
59288	Q0	bibsonomy-helbig2015religion	3	4.0087442	publication
59288	Q0	cews-2-611600	4	3.9810972	publication
59288	Q0	gesis-ssoar-65708	5	3.870217	publication
59288	Q0	bibsonomy-wenzel2010konvergenz	6	3.870217	publication
59288	Q0	gesis-ssoar-39437	7	3.870217	publication
59288	Q0	cews-2-808187	8	3.870217	publication
59288	Q0	bibsonomy-kessler2004einstellungen	9	3.8424692	publication
59288	Q0	cews-2-808971	10	3.8424692	publication
59288	Q0	gesis-ssoar-39445	11	3.8170612	publication
59288	Q0	gesis-ssoar-77401	12	3.8170612	publication
59288	Q0	cews-2-808200	13	3.8170612	publication
59288	Q0	gesis-ssoar-28162	14	3.4822688	publication
59288	Q0	gesis-ssoar-68431	15	3.4822688	publication
59288	Q0	cews-2-713860	16	3.4822688	publication
59288	Q0	bibsonomy-danzer2021schulschlieungen	17	3.4822688	publication
59288	Q0	cews-2-809349	18	3.4822688	publication
59288	Q0	gesis-ssoar-42487	19	3.4822688	publication
59288	Q0	gesis-ssoar-76874	20	3.3963666	publication
59288	Q0	gesis-ssoar-45760	21	3.3963666	publication
59288	Q0	cews-2-806596	22	3.2762508	publication
59288	Q0	gesis-ssoar-32405	23	3.238078	publication
59288	Q0	cews-2-807824	24	3.238078	publication
59288	Q0	cews-2-337492	25	3.2007852	publication
59288	Q0	gesis-ssoar-68367	26	3.2007852	publication
59288	Q0	cews-2-719486	27	3.128718	publication
59288	Q0	gesis-ssoar-5668	28	3.059824	publication
59288	Q0	gesis-ssoar-57291	29	2.8702195	publication
59288	Q0	gesis-ssoar-74977	30	2.8702195	publication
59288	Q0	cews-2-811560	31	2.8702195	publication
59288	Q0	cews-2-809395	32	2.8702195	publication
59288	Q0	cews-2-809705	33	2.8702195	publication
59288	Q0	cews-2-811557	34	2.8702195	publication
59288	Q0	cews-2-631647	35	2.8702195	publication
60378	Q0	cews-2-503602	0	4.6741276	publication
60378	Q0	cews-2-580358	1	4.086439	publication
60378	Q0	cews-2-525023	2	4.052327	publication
60378	Q0	gesis-ssoar-43019	3	3.7786062	publication
60378	Q0	gesis-ssoar-76507	4	3.7786062	publication
60378	Q0	cews-2-509157	5	3.695402	publication
60378	Q0	cews-2-549707	6	3.695402	publication
60378	Q0	cews-2-580774	7	3.6157835	publication
60378	Q0	gesis-ssoar-9287	8	3.5395231	publication
60378	Q0	cews-2-722274	9	3.5395231	publication
60378	Q0	cews-2-641533	10	3.4664133	publication
60378	Q0	cews-2-712654	11	3.3288944	publication
60378	Q0	cews-2-806511	12	3.0841851	publication
60378	Q0	cews-2-654089	13	2.9748435	publication
60378	Q0	gesis-ssoar-66986	14	2.7778783	publication
60378	Q0	cews-2-636547	15	1.0207295	publication
6086	Q0	gesis-ssoar-66788	0	3.9581366	publication
6086	Q0	gesis-ssoar-63354	1	3.8527312	publication
6086	Q0	gesis-ssoar-50626	2	3.832632	publication
6086	Q0	gesis-ssoar-70889	3	3.8311765	publication
6086	Q0	gesis-ssoar-79827	4	3.8293588	publication
6086	Q0	gesis-ssoar-62871	5	3.8206558	publication
6086	Q0	gesis-ssoar-56682	6	3.8113766	publication
60915	Q0	bibsonomy-schat2019gesund	0	4.5184197	publication
60915	Q0	gesis-ssoar-74949	1	4.2838163	publication
60915	Q0	cews-2-722598	2	3.7436428	publication
60915	Q0	cews-2-810963	3	3.4965906	publication
60915	Q0	gesis-ssoar-70987	4	3.4965906	publication
60915	Q0	gesis-ssoar-52520	5	3.447898	publication
60915	Q0	gesis-ssoar-70080	6	3.447898	publication
6092	Q0	gesis-ssoar-62778	0	3.8743846	publication
61220	Q0	gesis-ssoar-35001	0	4.239712	publication
61220	Q0	gesis-ssoar-45459	1	3.4711704	publication
61220	Q0	cews-2-701330	2	3.2659721	publication
61312	Q0	gesis-ssoar-24799	0	4.063895	publication
61312	Q0	gesis-ssoar-32214	1	3.9480975	publication
61312	Q0	gesis-ssoar-86280	2	3.8202338	publication
61312	Q0	cews-2-806511	3	3.6654735	publication
61312	Q0	gesis-ssoar-40929	4	3.6591775	publication
61312	Q0	gesis-ssoar-28322	5	3.093814	publication
61312	Q0	gesis-ssoar-82153	6	3.0853934	publication
61312	Q0	gesis-ssoar-9287	7	3.064415	publication
61312	Q0	gesis-ssoar-12266	8	2.9005623	publication
61531	Q0	gesis-ssoar-74977	0	4.824335	publication
61531	Q0	gesis-ssoar-68431	1	3.4822688	publication
61531	Q0	bibsonomy-danzer2021schulschlieungen	2	3.4822688	publication
61531	Q0	cews-2-811065	3	3.2007852	publication
61531	Q0	gesis-ssoar-68367	4	3.2007852	publication
61734	Q0	bibsonomy-banaszak2006gendering	0	3.6353278	publication
6177	Q0	gesis-ssoar-66365	0	3.855198	publication
6177	Q0	gesis-ssoar-18226	1	3.7638323	publication
6177	Q0	gesis-ssoar-80167	2	3.4368882	publication
6177	Q0	gesis-ssoar-57784	3	3.2102559	publication
6177	Q0	cews-2-550195	4	3.186049	publication
6177	Q0	cews-2-686452	5	3.070568	publication
6177	Q0	cews-2-729867	6	3.0263104	publication
6177	Q0	gesis-ssoar-80143	7	2.98279	publication
6177	Q0	gesis-ssoar-67373	8	2.9016151	publication
6267	Q0	bibsonomy-heroux2010vingt	0	6.0334854	publication
6267	Q0	bibsonomy-krolzikmatthei2016selbstbestimmung	1	5.500446	publication
6267	Q0	gesis-ssoar-78124	2	4.520257	publication
6267	Q0	bibsonomy-rodenberg1999nationalen	3	4.08787	publication
6267	Q0	gesis-ssoar-82018	4	4.0396795	publication
6267	Q0	gesis-ssoar-19938	5	3.772821	publication
6267	Q0	gesis-ssoar-85309	6	3.772821	publication
6267	Q0	gesis-ssoar-84350	7	3.6136763	publication
6267	Q0	gesis-ssoar-31869	8	3.6136763	publication
6267	Q0	gesis-ssoar-6625	9	3.3986351	publication
6267	Q0	cews-2-806921	10	3.3325317	publication
6267	Q0	gesis-ssoar-76797	11	3.2689505	publication
6267	Q0	gesis-ssoar-13029	12	3.2689505	publication
6267	Q0	gesis-ssoar-66151	13	3.2689505	publication
6267	Q0	bibsonomy-wittenberg2000schwangerschaftskonfliktberatung	14	3.2689505	publication
6267	Q0	gesis-ssoar-78581	15	3.2689505	publication
6267	Q0	gesis-ssoar-16574	16	3.0371666	publication
6267	Q0	gesis-ssoar-77773	17	3.0371666	publication
6267	Q0	cews-2-808980	18	3.0371666	publication
6267	Q0	gesis-ssoar-16811	19	2.8360753	publication
6267	Q0	bibsonomy-hradil1995singlegesellschaft-2	20	2.6599593	publication
6267	Q0	gesis-ssoar-59176	21	2.366097	publication
6267	Q0	bibsonomy-hanschmidt2017stigma	22	1.9379106	publication
6267	Q0	bibsonomy-walter2013response	23	1.9379106	publication
6267	Q0	gesis-ssoar-43681	24	1.4718018	publication
6322	Q0	gesis-ssoar-72401	0	4.7263584	publication
6322	Q0	gesis-ssoar-70477	1	3.816549	publication
6322	Q0	gesis-ssoar-62783	2	3.4390593	publication
6370	Q0	gesis-ssoar-84339	0	4.3980517	publication
6370	Q0	cews-2-809746	1	4.380491	publication
6370	Q0	gesis-ssoar-57437	2	4.380491	publication
6370	Q0	gesis-ssoar-26040	3	4.3165536	publication
6370	Q0	gesis-ssoar-35213	4	4.225226	publication
6370	Q0	gesis-ssoar-73601	5	4.1434903	publication
6370	Q0	gesis-ssoar-32314	6	4.134965	publication
6370	Q0	gesis-ssoar-27701	7	4.12111	publication
6370	Q0	gesis-ssoar-26913	8	4.087371	publication
6370	Q0	gesis-ssoar-35402	9	3.9582274	publication
6370	Q0	gesis-ssoar-35623	10	3.9582274	publication
6370	Q0	gesis-ssoar-84330	11	3.9266355	publication
6370	Q0	gesis-ssoar-33130	12	3.9066064	publication
6370	Q0	gesis-ssoar-81154	13	3.896106	publication
6370	Q0	gesis-ssoar-37219	14	3.8667119	publication
6370	Q0	gesis-ssoar-26910	15	3.6413064	publication
6370	Q0	gesis-ssoar-86925	16	3.5891457	publication
6370	Q0	gesis-ssoar-59764	17	3.5724041	publication
6370	Q0	gesis-ssoar-35226	18	3.5724041	publication
6370	Q0	gesis-ssoar-79903	19	3.5384579	publication
6370	Q0	gesis-ssoar-85172	20	3.537531	publication
6370	Q0	cews-2-811329	21	3.4882803	publication
6370	Q0	gesis-ssoar-49136	22	3.4415517	publication
6370	Q0	gesis-ssoar-36080	23	3.3709524	publication
6370	Q0	gesis-ssoar-74701	24	3.3484275	publication
6370	Q0	gesis-ssoar-86042	25	3.3050778	publication
6370	Q0	gesis-ssoar-77740	26	3.3050778	publication
6370	Q0	gesis-ssoar-62783	27	3.3042693	publication
6370	Q0	gesis-ssoar-86646	28	3.2612598	publication
6370	Q0	gesis-ssoar-67332	29	3.2201242	publication
6481	Q0	gesis-ssoar-62742	0	5.310955	publication
6481	Q0	gesis-ssoar-80111	1	4.6969395	publication
6481	Q0	gesis-ssoar-44168	2	4.245679	publication
6481	Q0	gesis-ssoar-41679	3	4.103941	publication
6481	Q0	gesis-ssoar-45604	4	4.036458	publication
6481	Q0	gesis-ssoar-70718	5	3.8467002	publication
6499	Q0	gesis-ssoar-52009	0	3.757288	publication
6499	Q0	gesis-ssoar-45685	1	3.6336837	publication
6499	Q0	gesis-ssoar-68085	2	3.6215267	publication
6499	Q0	gesis-ssoar-84456	3	3.510933	publication
6499	Q0	gesis-ssoar-79513	4	3.4774547	publication
6499	Q0	gesis-ssoar-64974	5	3.4578686	publication
6499	Q0	cews-2-460891	6	3.443261	publication
6499	Q0	gesis-ssoar-64587	7	3.3366485	publication
6499	Q0	gesis-ssoar-32346	8	3.2580988	publication
6499	Q0	gesis-ssoar-71258	9	3.2567122	publication
6501	Q0	cews-2-566426	0	5.2068443	publication
6501	Q0	gesis-ssoar-44130	1	4.882229	publication
6501	Q0	cews-2-808601	2	4.882229	publication
6501	Q0	bibsonomy-hertling2011homosexuelle	3	4.6995354	publication
6501	Q0	gesis-ssoar-9459	4	4.5629387	publication
6501	Q0	gesis-ssoar-49927	5	4.393081	publication
6501	Q0	cews-2-809210	6	4.393081	publication
6501	Q0	gesis-ssoar-78935	7	4.3711805	publication
6501	Q0	gesis-ssoar-18348	8	3.95084	publication
6501	Q0	gesis-ssoar-20505	9	3.8378563	publication
6501	Q0	gesis-ssoar-77603	10	3.8369858	publication
6501	Q0	cews-2-806450	11	3.5346143	publication
6501	Q0	gesis-ssoar-40147	12	3.456783	publication
6501	Q0	gesis-ssoar-51250	13	3.3823054	publication
6501	Q0	cews-2-809298	14	3.3823054	publication
6501	Q0	gesis-ssoar-81195	15	3.2425804	publication
6501	Q0	gesis-ssoar-43291	16	3.2425804	publication
6501	Q0	gesis-ssoar-74119	17	3.1769593	publication
6501	Q0	gesis-ssoar-59367	18	3.1139414	publication
6501	Q0	gesis-ssoar-16624	19	3.1139414	publication
6501	Q0	cews-2-809857	20	3.1139414	publication
6501	Q0	cews-2-511439	21	2.782752	publication
6501	Q0	gesis-ssoar-9600	22	2.782752	publication
6501	Q0	gesis-ssoar-46475	23	2.782752	publication
6501	Q0	gesis-ssoar-9239	24	2.6874747	publication
6501	Q0	bibsonomy-rebenstorf2018rechte	25	2.6874747	publication
6501	Q0	cews-2-559786	26	2.5152388	publication
6501	Q0	gesis-ssoar-11381	27	2.3637495	publication
6501	Q0	gesis-ssoar-44343	28	2.2946477	publication
6501	Q0	cews-2-791424	29	2.1678958	publication
6501	Q0	cews-2-809593	30	2.1678958	publication
6501	Q0	cews-2-809987	31	1.9522214	publication
6501	Q0	gesis-ssoar-30927	32	1.9522214	publication
6501	Q0	cews-2-668687	33	1.9522214	publication
6534	Q0	bibsonomy-hovestadt2020frauen	0	6.057518	publication
6534	Q0	gesis-ssoar-24869	1	5.772785	publication
6534	Q0	gesis-ssoar-24865	2	5.694772	publication
6534	Q0	gesis-ssoar-24758	3	5.694772	publication
6534	Q0	gesis-ssoar-24759	4	5.24292	publication
6534	Q0	gesis-ssoar-24866	5	5.24292	publication
6534	Q0	gesis-ssoar-41901	6	5.202217	publication
6534	Q0	gesis-ssoar-62038	7	4.716954	publication
6534	Q0	bibsonomy-klingwort2017nonresponse	8	4.630566	publication
6534	Q0	gesis-ssoar-24833	9	4.249699	publication
6534	Q0	gesis-ssoar-24817	10	4.249699	publication
6534	Q0	gesis-ssoar-24746	11	4.224063	publication
6534	Q0	gesis-ssoar-47257	12	4.224063	publication
6534	Q0	gesis-ssoar-24856	13	3.7951984	publication
6534	Q0	gesis-ssoar-24711	14	3.5550656	publication
6534	Q0	gesis-ssoar-20532	15	3.4111757	publication
6534	Q0	gesis-ssoar-33849	16	3.2159305	publication
6534	Q0	gesis-ssoar-24862	17	2.987906	publication
6534	Q0	gesis-ssoar-24754	18	2.987906	publication
6534	Q0	gesis-ssoar-17217	19	2.7900763	publication
6534	Q0	gesis-ssoar-44515	20	2.7006707	publication
6534	Q0	gesis-ssoar-18245	21	2.4638171	publication
6534	Q0	cews-2-809833	22	2.4638171	publication
65758	Q0	gesis-ssoar-23731	0	3.0317302	publication
65758	Q0	cews-2-806021	1	2.9658203	publication
65758	Q0	cews-2-774613	2	2.8641398	publication
6616	Q0	gesis-ssoar-62260	0	4.7627435	publication
6616	Q0	gesis-ssoar-73555	1	4.7386484	publication
6616	Q0	gesis-ssoar-76156	2	4.7386484	publication
6616	Q0	gesis-ssoar-62452	3	4.699958	publication
6616	Q0	gesis-ssoar-76810	4	4.640292	publication
6616	Q0	gesis-ssoar-62264	5	4.449032	publication
6616	Q0	bibsonomy-merkel2012politische	6	4.443433	publication
6616	Q0	bibsonomy-deneve2017politische	7	4.4129667	publication
6616	Q0	gesis-ssoar-81707	8	4.32309	publication
6616	Q0	gesis-ssoar-43699	9	4.3027096	publication
6616	Q0	bibsonomy-gabriel2022politische	10	4.2750373	publication
6616	Q0	bibsonomy-johanndavid2014persnlichkeit	11	4.190697	publication
6616	Q0	gesis-ssoar-79911	12	4.185874	publication
6616	Q0	bibsonomy-schottle2019politische	13	4.174013	publication
6616	Q0	gesis-ssoar-62258	14	4.174013	publication
6616	Q0	gesis-ssoar-40940	15	4.1246986	publication
6616	Q0	gesis-ssoar-21296	16	4.0266104	publication
6616	Q0	gesis-ssoar-45936	17	4.014762	publication
6616	Q0	bibsonomy-gerls2018welchen	18	4.009422	publication
6616	Q0	gesis-ssoar-62265	19	3.939765	publication
6616	Q0	gesis-ssoar-62269	20	3.9045336	publication
6616	Q0	gesis-ssoar-86854	21	3.9042861	publication
6616	Q0	bibsonomy-hoffmannlange2000jugend	22	3.836473	publication
6616	Q0	bibsonomy-hoffmannlange2003jugend	23	3.836473	publication
6719	Q0	gesis-ssoar-78669	0	3.1003444	publication
6719	Q0	bibsonomy-abrahamson2019welfare	1	3.097524	publication
67543	Q0	gesis-ssoar-48142	0	4.0098987	publication
67543	Q0	gesis-ssoar-51380	1	3.9738016	publication
67543	Q0	gesis-ssoar-57405	2	3.8280282	publication
67543	Q0	gesis-ssoar-56943	3	3.7360501	publication
6763	Q0	cews-2-809501	0	4.8625994	publication
67689	Q0	gesis-ssoar-84538	0	2.4644952	publication
67689	Q0	gesis-ssoar-88794	1	2.4540515	publication
67689	Q0	bibsonomy-montorogurich2019family	2	2.4457772	publication
6854	Q0	gesis-ssoar-18407	0	3.4623957	publication
6854	Q0	gesis-ssoar-18564	1	3.3676052	publication
6854	Q0	gesis-ssoar-18216	2	3.3571937	publication
6854	Q0	gesis-ssoar-18370	3	3.3541172	publication
6854	Q0	gesis-ssoar-41481	4	3.3309846	publication
6854	Q0	gesis-ssoar-18368	5	3.3044662	publication
6854	Q0	gesis-ssoar-21298	6	3.1774814	publication
6854	Q0	gesis-ssoar-21300	7	3.1774814	publication
6854	Q0	gesis-ssoar-18408	8	3.1515636	publication
6854	Q0	gesis-ssoar-18195	9	2.9814248	publication
6854	Q0	gesis-ssoar-57277	10	2.935616	publication
729	Q0	gesis-ssoar-40003	0	3.3205595	publication
729	Q0	gesis-ssoar-84523	1	3.3026145	publication
7422	Q0	gesis-ssoar-24467	0	3.516348	publication
7422	Q0	gesis-ssoar-25620	1	3.004843	publication
7445	Q0	gesis-ssoar-40785	0	7.718295	publication
7445	Q0	gesis-ssoar-24468	1	7.66317	publication
7445	Q0	gesis-ssoar-70372	2	7.3488855	publication
7445	Q0	gesis-ssoar-37765	3	7.3381977	publication
7445	Q0	gesis-ssoar-12571	4	7.0540094	publication
7445	Q0	gesis-ssoar-25620	5	6.8759794	publication
7445	Q0	gesis-ssoar-32137	6	6.63319	publication
7445	Q0	gesis-ssoar-8749	7	6.620018	publication
7445	Q0	gesis-ssoar-56504	8	6.0683136	publication
7445	Q0	cews-2-808473	9	5.855714	publication
7445	Q0	gesis-ssoar-73012	10	5.7289534	publication
7445	Q0	gesis-ssoar-39729	11	5.512555	publication
7445	Q0	gesis-ssoar-38716	12	5.2090926	publication
7445	Q0	gesis-ssoar-38191	13	5.096861	publication
7445	Q0	gesis-ssoar-45261	14	4.951538	publication
7445	Q0	gesis-ssoar-41555	15	4.7605743	publication
7445	Q0	gesis-ssoar-43194	16	4.6011896	publication
7445	Q0	cews-2-808768	17	4.0275865	publication
7445	Q0	gesis-ssoar-45260	18	4.0275865	publication
7488	Q0	gesis-ssoar-24725	0	4.5575256	publication
79	Q0	gesis-ssoar-86208	0	2.460736	publication
7939	Q0	gesis-ssoar-2807	0	3.7919722	publication
7939	Q0	gesis-ssoar-69013	1	3.5596602	publication
7939	Q0	bibsonomy-myers2008psychologie	2	3.5296006	publication
7939	Q0	gesis-ssoar-2820	3	3.353843	publication
81	Q0	bibsonomy-moralesginer2022place	0	4.860964	publication
81	Q0	gesis-ssoar-76473	1	4.8353343	publication
81	Q0	gesis-ssoar-75571	2	4.8341126	publication
81	Q0	gesis-ssoar-62773	3	4.8309083	publication
81	Q0	bibsonomy-echavarren2019multilevel	4	4.8210006	publication
81	Q0	bibsonomy-nistor2022ranking	5	4.8034077	publication
81	Q0	cews-2-809746	6	4.8017473	publication
81	Q0	bibsonomy-vainio2013belief	7	4.8017473	publication
810	Q0	cews-2-663206	0	5.7484694	publication
810	Q0	gesis-ssoar-47275	1	4.783655	publication
810	Q0	cews-2-671785	2	4.542876	publication
810	Q0	gesis-ssoar-69617	3	4.2063403	publication
810	Q0	gesis-ssoar-11696	4	3.9747841	publication
810	Q0	gesis-ssoar-57879	5	3.4439406	publication
810	Q0	gesis-ssoar-70812	6	2.987893	publication
810	Q0	gesis-ssoar-65640	7	2.6385021	publication
810	Q0	gesis-ssoar-61306	8	2.6385021	publication
810	Q0	gesis-ssoar-55321	9	2.6385021	publication
8246	Q0	gesis-ssoar-81829	0	3.9606493	publication
8246	Q0	gesis-ssoar-81707	1	3.5229912	publication
8246	Q0	gesis-ssoar-80421	2	3.4914048	publication
8246	Q0	gesis-ssoar-79911	3	3.36123	publication
828	Q0	gesis-ssoar-86959	0	4.1534896	publication
828	Q0	gesis-ssoar-74922	1	4.117246	publication
828	Q0	gesis-ssoar-58443	2	3.9445071	publication
828	Q0	gesis-ssoar-58442	3	3.928088	publication
828	Q0	gesis-ssoar-86717	4	3.9124064	publication
828	Q0	gesis-ssoar-54493	5	3.880232	publication
828	Q0	gesis-ssoar-67119	6	3.8485823	publication
828	Q0	gesis-ssoar-61112	7	3.6405365	publication
828	Q0	gesis-ssoar-84643	8	3.5848746	publication
828	Q0	gesis-ssoar-34760	9	3.5312161	publication
828	Q0	bibsonomy-renn2007leitbild	10	3.47914	publication
828	Q0	gesis-ssoar-17398	11	3.4042993	publication
828	Q0	cews-2-807832	12	3.3897157	publication
828	Q0	gesis-ssoar-34352	13	3.3317375	publication
828	Q0	cews-2-676751	14	3.1401186	publication
8382	Q0	gesis-ssoar-23709	0	3.5642972	publication
8382	Q0	gesis-ssoar-83289	1	3.2506268	publication
8382	Q0	gesis-ssoar-11385	2	3.0987673	publication
8951	Q0	gesis-ssoar-67769	0	3.7873287	publication
8951	Q0	gesis-ssoar-34337	1	3.3712425	publication
9089	Q0	gesis-ssoar-75985	0	4.3947115	publication
9089	Q0	bibsonomy-rimac2000determinante	1	4.349497	publication
9169	Q0	gesis-ssoar-66191	0	3.3836207	publication
9243	Q0	gesis-ssoar-61692	0	5.3444614	publication
9243	Q0	bibsonomy-reichert2016internal	1	5.3444614	publication
9243	Q0	bibsonomy-reichert2018important	2	5.2670345	publication
9243	Q0	bibsonomy-reichert2018importancia	3	5.2670345	publication
9243	Q0	gesis-ssoar-73126	4	5.2585325	publication
9243	Q0	gesis-ssoar-67035	5	4.9043646	publication
928	Q0	gesis-ssoar-68115.2	0	5.1504602	publication
928	Q0	gesis-ssoar-69378.2	1	5.1504602	publication
928	Q0	gesis-ssoar-74355	2	4.753991	publication
928	Q0	gesis-ssoar-70516	3	4.6561995	publication
928	Q0	gesis-ssoar-70338	4	4.6561995	publication
928	Q0	gesis-ssoar-78368	5	4.616269	publication
928	Q0	gesis-ssoar-71124	6	4.3634534	publication
928	Q0	gesis-ssoar-72220	7	4.3634534	publication
928	Q0	gesis-ssoar-68072.2	8	4.3634534	publication
928	Q0	gesis-ssoar-68792	9	4.3634534	publication
928	Q0	gesis-ssoar-71123	10	4.3634534	publication
9616	Q0	bibsonomy-gaiser2000politikverdrossenheit	0	5.44408	publication
9616	Q0	gesis-ssoar-19991	1	5.34048	publication
9616	Q0	bibsonomy-kuhnel1998politikverdrossenheit	2	5.1860657	publication
9616	Q0	bibsonomy-pickel2006ostdeutsche	3	5.065775	publication
9616	Q0	bibsonomy-pickel1997politikverdrossenheit	4	4.68056	publication
9616	Q0	bibsonomy-wolling1999politikverdrossenheit	5	4.5087347	publication
9616	Q0	gesis-ssoar-69290	6	4.2452707	publication
9616	Q0	gesis-ssoar-30892	7	4.2452707	publication
9616	Q0	bibsonomy-hoffmannlange2001politikverdrossenheit	8	4.1132755	publication
9616	Q0	gesis-ssoar-44176	9	4.0867224	publication
9616	Q0	gesis-ssoar-85721	10	4.0118074	publication
9616	Q0	gesis-ssoar-20610	11	3.9160922	publication
9616	Q0	gesis-ssoar-84671	12	3.6956594	publication
9616	Q0	gesis-ssoar-60938	13	3.5364108	publication
9616	Q0	bibsonomy-seville2018sound	14	3.4618247	publication
9616	Q0	bibsonomy-reuband2021rechtspopulistischer	15	3.3903196	publication
9616	Q0	gesis-ssoar-62478	16	3.3903196	publication
9616	Q0	gesis-ssoar-19990	17	3.3903196	publication
9616	Q0	bibsonomy-reuband2022rechtspopulismus	18	3.3903196	publication
9616	Q0	bibsonomy-pickel2000abkehr	19	3.3217087	publication
9616	Q0	bibsonomy-abendschon2016wahlbeteiligung	20	3.1315844	publication
9616	Q0	bibsonomy-pickel2002jugend	21	2.8099217	publication
9616	Q0	bibsonomy-pickel2004jugend-2	22	2.7168994	publication
9616	Q0	gesis-ssoar-46430	23	2.399197	publication
974	Q0	gesis-ssoar-67005	0	5.8738704	publication
974	Q0	gesis-ssoar-24468	1	5.449232	publication
974	Q0	gesis-ssoar-65128	2	5.250048	publication
974	Q0	gesis-ssoar-52420	3	5.016942	publication
974	Q0	gesis-ssoar-33527	4	4.9933543	publication
974	Q0	gesis-ssoar-70286	5	4.763331	publication
974	Q0	gesis-ssoar-37000	6	4.762247	publication
974	Q0	gesis-ssoar-77826	7	4.736483	publication
974	Q0	gesis-ssoar-18332	8	4.703214	publication
974	Q0	gesis-ssoar-71322	9	4.319619	publication
